source	target	Weight_1>2	Weight_2>3	Weight_3>4	Weight_4>5	Weight_5>6	Weight_6>7	Weight_7>8	Weight_8>9	Weight_9>10	Weight_10>11	Weight_11>12	Weight_12>13	Weight_13>14	Weight_14>15	Weight_15>16
YDR146C	YDR146C	0.5884281925282577	0.4783175494565202	0.2983301716120144	0.2137783984830781	0.3944390429305171	0.4730071461256219	0.5182135328423761	0.5263994858105634	0.4874611639824834	0.39543070065550345	0.2488702774296411	0.11566258175992095	0.045021959185884176	0.19087104608230512	0.29724719312575354
YPR019W	YPR019W	0.11974954457666448	0.254600108386979	0.37023933564734507	0.4000462965816435	0.3591574546229574	0.20766300229448428	0.12638741957008978	0.2139786394922273	0.2850045018497584	0.2951007541988247	0.27011863612139003	0.25138530616474963	0.2246137121198667	0.17272387602872186	0.07843736857589159
YPL256C	YPL256C	0.4142557877460664	0.3686586742938578	0.3261126670098269	0.1940762260705292	0.14060426219872973	0.3202439515622298	0.5050150448386677	0.5791612211965961	0.5803974758684439	0.4741517961414845	0.19308455358304472	0.13738362609970292	0.2698407066669368	0.3101431069004321	0.3285563838462083
YDL003W	YDL003W	0.4535118864007203	0.4001211024000232	0.30217629691507325	0.13407613663501108	0.18853565966114652	0.3483056761171857	0.4826369511003066	0.5642149193264956	0.5726097110094599	0.4557611845249288	0.2340670534831844	0.2219029382364984	0.25764039315055265	0.2538868836477663	0.2572682707071766
YCL024W	YCL024W	0.41993116902760996	0.3232452456784374	0.19085960227167706	0.18298618169623665	0.3756544671685199	0.4868232126969593	0.5731121994582561	0.5827584648992297	0.4490322426283409	0.2421390162740677	0.2376603782676265	0.33316627543448624	0.35352193089029466	0.32281928223511724	0.28177469001008665
YDL155W	YDL155W	0.07774110342963991	0.1493711886182227	0.1874044147969248	0.14408123116704366	0.12831832887371974	0.1234162173107869	0.05672423011317096	0.05254933703889856	0.1300325940776745	0.1290745823207097	0.09645523437161696	0.11500038437698322	0.12515538799922174	0.07664448083529596	0.05102472888690029
YCR084C	YCR084C	0.08266239015637443	0.14723590697711475	0.2014754182529497	0.2094860077150967	0.19992238643145052	0.16424922838603048	0.07464060769425923	0.040523219081297766	0.11109576569455733	0.1962553183884568	0.1939958191391601	0.14031027281972314	0.1389871171110402	0.12167917697010587	0.05747031671017831
YDL188C	YDL188C	0.1203786600251458	0.13473924351369512	0.0954277817511533	0.027752454386056228	0.012733023779366848	0.02258133150123954	0.04668367863101755	0.050065964885074025	0.045258715251756516	0.0637023640356981	0.08471247258390173	0.11635012443736115	0.11834564001021795	0.10007943659639802	0.10056583466388128
YGR113W	YGR113W	0.0568772927665021	0.10079461173264724	0.15262676529520575	0.18223743706131695	0.21864558844943036	0.1756952499915841	0.0760999808285212	0.015828601693681037	0.10189397120633707	0.14536628106506122	0.1505298660435846	0.20277412296260905	0.1323921836937522	0.034586733962973334	0.058841769812863425
YFR034C	YFR034C	0.008847656936838089	0.04170089625227688	0.11981251243934682	0.1972711490210238	0.21103353058934754	0.16956448780307404	0.16719003727637624	0.12576005803730414	0.10764412816069603	0.15429455734048414	0.12903592433051794	0.11110093627131744	0.17717991249654855	0.2218492606088174	0.200476330290878
YNL172W	YNL172W	0.2151147782643437	0.2164514859091249	0.12169024240138784	0.1037788706591513	0.1995487229438851	0.2226831526826277	0.2502880447190477	0.25161833132863964	0.204779781889603	0.11990026675764776	0.023454201485907086	0.0756350696169756	0.12828164629002795	0.1116105946560246	0.11797423023042924
YOR368W	YOR368W	0.14531626400879835	0.14475278779585282	0.10078770678683896	0.01605654853031614	0.04478375766363075	0.07158382464404116	0.08145430827633335	0.06188517048771856	0.09454179374809812	0.11517867847121467	0.07765509255499735	0.05519542423178197	0.010750731734495705	0.015958623063409283	0.019295266813051985
YJL157C	YJL157C	0.3034173687676057	0.3299710739478401	0.28965698324829764	0.1314679308572586	0.0514685692814587	0.07556800233396284	0.0829875140658176	0.10607106954936583	0.2537088107679795	0.33113467594785834	0.3067497025582649	0.2559423821693237	0.1858130883142625	0.1115155322100789	0.07952326934545688
YGL190C	YGL190C	0.13169448434829675	0.0923879934754742	0.03818049597694995	0.015814199824984554	0.052343843400554944	0.07696636785336207	0.08157723100184464	0.1092995583100624	0.09891258505406583	0.04764449645148434	0.02745008397647896	0.015561366807255457	0.033704203233834364	0.04628866300904795	0.023226176949522656
YBR136W	YBR136W	0.0567842783687961	0.05168455450536296	0.0386073463130227	0.02038502811881049	0.010523560546371314	0.009145100664470914	0.0416333156724004	0.04895365727921245	0.019971459808457805	0.04445069908678505	0.0551909088750654	0.08522356394228092	0.08145212900754274	0.04344704612275418	0.04704290947567738
YDR110W	YDR110W	0.11339677442713016	0.08188441892398017	0.03438506084136067	0.03749434756101319	0.07957598156387069	0.09425666696665592	0.060394088806228485	0.04551468557394151	0.06539897677214185	0.04527347466994802	0.02173324763564164	0.017928298618146887	0.02676840838715713	0.02513468832646361	0.0198365189363848
YGR188C	YGR188C	0.2818053656404666	0.3303431612772294	0.3644182824592958	0.3154035908862753	0.20844699448844625	0.07485347705324709	0.17883720075469609	0.3628313486100407	0.44214261294973856	0.3783644327484625	0.2627578137074916	0.22754633458142665	0.15168178862258802	0.09899330999286797	0.0658814942346297
YGR233C	YGR233C	0.14467481235337334	0.09851962953336653	0.048574985995875834	0.030351552647867538	0.04301245910441153	0.04343991156163293	0.0381162860150804	0.0650109228657236	0.11762870745365188	0.15201645537725794	0.12558186347890346	0.07265666320648577	0.05272234847372899	0.022555864512962376	0.005647198651467367
YLR079W	YLR079W	0.26477623146556023	0.3284262679750629	0.4115533562723796	0.4426289005183861	0.439257779395752	0.4519360993933727	0.43173854594909994	0.2649761677335142	0.3364264552382096	0.4748384129716954	0.4651741283070712	0.4598687683780659	0.4088179069571442	0.3511073540946087	0.3152496597329062
YDR451C	YDR451C	0.12467080662106444	0.08026933846474686	0.1921261052903174	0.27268777390931564	0.2956599145361066	0.2529181183859943	0.12726795599891022	0.110581940436022	0.2567464816948833	0.3200223794411224	0.2833307308012851	0.1988065758236692	0.14125153092540618	0.11522631793159127	0.06645798555105019
YOL001W	YOL001W	0.0408252702010702	0.07066574131711706	0.05876184575004303	0.02848927129408102	0.01705773305921314	0.027936331640028476	0.030692061516280667	0.07466655607875496	0.11685234973421085	0.06071169938690664	0.01174637128852405	0.039084126053071655	0.03868180283823308	0.030183996968270836	0.022556205628766632
YOL133W	YOL133W	0.13548145833863914	0.17012807387367132	0.17694714974358713	0.10522513613436398	0.08419217227066089	0.06574267696581003	0.02335381279068306	0.021522771714071024	0.056375846956169914	0.18610596350826974	0.19162880808622196	0.10799914487731034	0.12491999314249615	0.11058239765000537	0.05611909718816438
YLR182W	YLR182W	0.03046919509107078	0.08956377736968216	0.14147855523598013	0.14928227570905214	0.15579612023753747	0.10760454505278222	0.07267640354957207	0.0604283455727106	0.09725997601905498	0.12540003798896407	0.1243610454283734	0.14739744769488244	0.08771872907248053	0.051017296791152286	0.058567270440949636
YLR086W	YLR086W	0.0673641153981832	0.0938174583277233	0.11082257104955448	0.11158495489973516	0.17483625640780412	0.17360271139293787	0.1621613534020375	0.13096001636504692	0.04970762278607858	0.062382629818727185	0.09644031832479703	0.12422287636641802	0.15921785887485262	0.13268180020248746	0.1309652338118219
YLR176C	YLR176C	0.13087149387949473	0.15051465430035632	0.17368461078122993	0.1471610560182484	0.06508739361581592	0.02111209843470286	0.0215188250373484	0.04329344317732967	0.0882357260143353	0.18800874441077975	0.20308776628913167	0.11577257129730305	0.05439626725047784	0.04054967840191686	0.05253324455857891
YJR090C	YJR090C	0.14378358476567232	0.14801549703404265	0.11909524325308232	0.06828756956126628	0.03253298860023325	0.03049635484728556	0.030181451926186587	0.02443156474126451	0.05110844586565495	0.13469004234989887	0.12010585555986705	0.05149886062532253	0.08688741605973571	0.081346875298663	0.04460206358117472
YPR120C	YPR120C	0.34900246280796765	0.2638604089284886	0.16973565021241244	0.13117280603651033	0.20673279189286534	0.3259039940712602	0.41726481481214905	0.4487695891623344	0.4205974279243765	0.2510483152504428	0.09246047086969096	0.182390222645412	0.212500372976418	0.19818420411105425	0.17808390117110826
YGR108W	YGR108W	0.5223000035217339	0.4279207942899931	0.27008244418431193	0.28707394943241593	0.42402533497297984	0.4674585203697074	0.4827416832891285	0.4883267101206655	0.4298967754417547	0.2875409241942071	0.13504500048953688	0.10537378301939293	0.18679723752763447	0.2744180836724614	0.3211002249354709
YDL008W	YDL008W	0.02536918960093283	0.02593390554397576	0.044640248215686434	0.03347987062269365	0.027590351451389744	0.07246170034309732	0.08375193684421066	0.044801859064391436	0.03760146846561347	0.03024556194921042	0.021557227757235932	0.04019328117156207	0.04174440492916809	0.05257992848365179	0.07280791553708475
YER111C	YER111C	0.3266794551983742	0.15851866920254473	0.1345217901871088	0.2584536276199746	0.3481891630961945	0.4533563266621234	0.5155733400412634	0.4488823302234098	0.2458673503191096	0.17803949625956245	0.2809969583207992	0.3297480249635099	0.3183541592204855	0.2631939210607823	0.2141450366586928
YBR112C	YBR112C	0.0927509486834156	0.1578529673097265	0.18561112020930345	0.19122380775304024	0.1882373058434843	0.13219558500140424	0.08014995511074338	0.1243486407682026	0.17117614814503626	0.167682061671298	0.15580036629867974	0.15872311827624686	0.123483894295461	0.05972440919128388	0.0695669365656647
YBL084C	YBL084C	0.05912687981265347	0.03816226819178682	0.0490230713592664	0.07673961083444705	0.10114915848779042	0.07357517894597138	0.058741315763813015	0.0533054222805839	0.04053220760560911	0.06228386011819091	0.05371510472920884	0.0758351919752503	0.07943141243249917	0.047546808096138905	0.07766780450442734
YAL040C	YAL040C	0.2341482440762067	0.2900038193472332	0.2504735915449847	0.12892824803178193	0.05370159490876746	0.0732205270401324	0.16264502592033184	0.26765301018754484	0.3333249548066921	0.2855484648623734	0.1650168928163027	0.10460202645040044	0.05193458726309096	0.03435148516486967	0.08656018514621606
YAL024C	YAL024C	0.13615875116580806	0.20403485208106625	0.23858868656978674	0.22334768437726266	0.2193413495612423	0.1757401164495355	0.06742611686826529	0.04869556773413467	0.14439761810920987	0.2089105890019938	0.19822908734114775	0.2320350714971764	0.20538098801595225	0.13722458287118253	0.12767829870455735
YHR215W	YHR215W	0.2727047459026232	0.22167506729578434	0.2074150768783505	0.2101276209196854	0.23578616902261754	0.1944744653506114	0.11056239817176602	0.15427729428564527	0.2444298254579581	0.2626393521578031	0.2655137086178951	0.23942918843026995	0.21277698895944602	0.1813421944230575	0.11774167255361702
YIL046W	YIL046W	0.03774227988670527	0.11003225426664053	0.15989869378021246	0.1307418350051362	0.12408863405975128	0.0978457499198672	0.05357978925886571	0.07459769031562287	0.08243504561206176	0.05104680651292589	0.0506040417285171	0.0640456852821555	0.05803975514861085	0.07043339364517567	0.10978548278718528
YDL017W	YDL017W	0.15374596267020155	0.1107793530798697	0.1194622460783963	0.10081120227883733	0.036773963827180456	0.09324724128636253	0.21637940392374316	0.25613245265952234	0.19040616445217048	0.1224392012102515	0.0669344044169085	0.01625721638082293	0.019995231717062915	0.048203075215918316	0.06397992656010053
YDL028C	YDL028C	0.15028364050640725	0.12213029880657104	0.18112152786306804	0.2297162815493897	0.2302609896830448	0.2017171026223386	0.1913110284595047	0.15757482538851947	0.07504825383242017	0.02827662875873748	0.1344734431831278	0.2180059545786814	0.18377082947210205	0.1445536388020331	0.11264110707563077
YOR026W	YOR026W	0.22441856234589386	0.19561850440594294	0.1241089217891598	0.03957630366318718	0.025826055956438696	0.06775276812154436	0.1227187448769004	0.1539592456183876	0.18244577428018446	0.17016269483644	0.135707962939728	0.09219948047877102	0.0380732461948422	0.033812795867927285	0.021250342232230438
YLR103C	YLR103C	0.40804731316346793	0.3623521376201281	0.2589244548393784	0.07743947607963987	0.12818419954922294	0.3244603201720005	0.4769246864373891	0.5143303814595593	0.4754583083378735	0.33836044712037217	0.1280941207310844	0.1503835694933771	0.20221993354750248	0.18077427249313016	0.17453983873812245
YOR195W	YOR195W	0.2827649342889578	0.2992438321491415	0.28692826652773473	0.2015210526177297	0.1294682788926575	0.10479037103844546	0.1830626035056015	0.3206722597359515	0.3894942430470212	0.3657103128695451	0.23361216528681603	0.0990220994938031	0.07788468764158386	0.03881512552190552	0.013397509473968323
YHR166C	YHR166C	0.028446785142724283	0.03975060877286801	0.03665878386237871	0.060775342165589524	0.08657249783910531	0.0810298117866165	0.04251099052357795	0.0538332950955252	0.09117420129904256	0.0681956866221374	0.05655331122204685	0.060190910218884376	0.0559920252968724	0.04386561029406722	0.040884863073531064
YBR093C	YBR093C	0.3574705644098114	0.3927528937204891	0.4009578075461864	0.343545815120724	0.29424584699295303	0.16298087072479858	0.1560042271027909	0.3174366251168917	0.3969718088918161	0.4200658443117741	0.3706338760279772	0.2821443092369816	0.2365273417162691	0.20151481272916744	0.10534833060383243
YIL106W	YIL106W	0.3838929679799993	0.3733210225148186	0.2593740096902836	0.12017505531639615	0.24604572769470665	0.36606250413907343	0.4089532864209462	0.4116648987443451	0.3967939085333368	0.3043084299005137	0.12869777168982194	0.06346835082216705	0.1335732205485027	0.21023324738919305	0.22386226642244708
YJR046W	YJR046W	0.02160198524067412	0.04467949273296167	0.05278300050462803	0.0660894531853032	0.044831278580098034	0.004720640327917284	0.05642504810278599	0.08323026358550259	0.06318584653368138	0.051934617472839985	0.030056063354580536	0.0276789891173486	0.028285468141544836	0.017810781857090473	0.022414272907816786
YPR119W	YPR119W	0.4867008285971589	0.3759935185215017	0.19584838042696007	0.1990261853131756	0.33905717827407417	0.3978675921303199	0.4577604779421728	0.4897241554736013	0.4480295909511087	0.3133850572505701	0.13212128578857973	0.11591888346850004	0.19858839680427728	0.2657963644081097	0.2817541452479673
YKL022C	YKL022C	0.06692619529967019	0.057143417825159935	0.03239131845004787	0.0345272240057327	0.09074068781350243	0.12724430713902246	0.0964869275562446	0.05356904608813954	0.03803440411164623	0.03523547060311506	0.037086016986346386	0.05520949469890013	0.0506167845986949	0.0197885299305021	0.03204817935291493
YGL086W	YGL086W	0.05777992797898208	0.06053095005594074	0.054183807445802236	0.031245435096100237	0.04363375690109171	0.06354586836103418	0.13460567765390208	0.16679742690842053	0.08080265097750394	0.040181106399769836	0.03573176721882312	0.014078645953505409	0.022445496020544502	0.04449797601177687	0.07616905182054673
YJL187C	YJL187C	0.2914659443161352	0.2754140715778861	0.2284115098606916	0.12555647720324872	0.08910383909013833	0.1801945141063511	0.3025170314094601	0.3702466190128757	0.3864957532011925	0.3191652378967471	0.15005058958265546	0.08097465673614918	0.09676309279537194	0.11761953458530901	0.14296213211822226
YDL179W	YDL179W	0.3659861947422599	0.4453026321655953	0.4996189150207721	0.5179086517543415	0.5371926983011749	0.5431307004455563	0.5784132211272971	0.4595962390728585	0.4502187143080658	0.5867340885707598	0.5747572180634772	0.5575776871390642	0.5108384405074874	0.4537481470602736	0.4267845761001161
YBL097W	YBL097W	0.14415544597468147	0.02598856710381468	0.07065726128345216	0.15500613464932048	0.2437372644774064	0.24802020264186256	0.2291348583551393	0.1704112952584697	0.06044994209427329	0.0901609224836082	0.14267851358151007	0.1205111937038718	0.14234843627357718	0.13699548945699622	0.09978424952918588
YMR001C	YMR001C	0.4613703005154718	0.3381065373721557	0.1802482557343844	0.20175543579678626	0.34946418233013554	0.4068754499512825	0.4452320499590576	0.4545906908766349	0.39399760811505785	0.2954289236545634	0.14882494183093936	0.08348744781192766	0.18341788080782087	0.2718829767271842	0.3042102504387652
YDL056W	YDL056W	0.06430058246296927	0.07570102945118486	0.08923386582356795	0.1358839703002509	0.17044552457487175	0.16130787734948418	0.15852414816710292	0.12023938823087454	0.07378417806219735	0.0479823305321006	0.06920138162598098	0.11812392343608084	0.14886528555752646	0.1395006485893446	0.10537123662382597
YGR098C	YGR098C	0.0971552885778008	0.22021653547062456	0.27536170826500633	0.2818876485635031	0.29159827101737457	0.27014527541437666	0.1597096252020319	0.110056536340563	0.23476059039905564	0.3277391140000421	0.32922458810970323	0.28217684669848536	0.1860526720172646	0.10237946043823744	0.06977461751771942
YJL074C	YJL074C	0.3879469378629675	0.3106691835703898	0.18270796990413585	0.13611093189539294	0.2882820673165329	0.41435057731342817	0.4907224985273106	0.4913561225323796	0.3959830757540501	0.2098496769599316	0.1323714812390467	0.2161089622712636	0.24005259651137506	0.22509982550894467	0.19043109205483874
YJL030W	YJL030W	0.09005459776862984	0.08121831216136745	0.08023028281657889	0.05062170264095539	0.0526370058098139	0.04220312496760323	0.016481216092608882	0.02741791585884435	0.06661667763834844	0.08527796516264287	0.06934742573008007	0.061019594806916565	0.06166749131103541	0.06300473805698169	0.03767551014604376
YHR152W	YHR152W	0.20414945842183185	0.3420743334420319	0.44233368437802295	0.4337998776399243	0.3411805807232002	0.15892190251385102	0.2326471442082247	0.38677453889810337	0.4265866706478768	0.3860767893011236	0.3092530281247937	0.27687113636196675	0.19367151733984486	0.10022518183112747	0.03487081676113872
YIL026C	YIL026C	0.373138470809408	0.3155954209886808	0.2178522264901667	0.09582526189578078	0.16432132831983462	0.3115465396909192	0.4344005044468289	0.4646017670127372	0.3888453938311381	0.25850455922198723	0.1396089710895952	0.12483058107413225	0.17319713239697945	0.16776383740663106	0.1448525627194029
YFL029C	YFL029C	0.028734829736996863	0.023510942456024145	0.031838276684359464	0.05116905157491435	0.06877377892860695	0.06715780530922642	0.06479461078710674	0.07063023745313039	0.07934768395418948	0.06786584068013347	0.030033456110660838	0.026329398659263932	0.03421039001721859	0.028890540955498492	0.05065002561762602
YDL132W	YDL132W	0.13771054668926094	0.15764108191561066	0.15095822768601613	0.0736570526236565	0.036206575555185236	0.050683841731350085	0.0657530423411802	0.1210998199327689	0.09776715555854262	0.05542896956959298	0.06439910247540911	0.04706367678123245	0.06133547064976101	0.06458151371611986	0.04435717302178201
YGR092W	YGR092W	0.3308966577640789	0.4097730661498704	0.4565856675716548	0.4504525210931497	0.34652942277233506	0.20684978045490526	0.3033051695852406	0.4232685768014726	0.4559128379333476	0.4193190308914113	0.35414294753334497	0.3092526815929504	0.2129939661033579	0.12999682839890725	0.06978851485957611
YBL016W	YBL016W	0.1821143696223976	0.14595308053319414	0.18651202868920844	0.19573456886638596	0.16195150557674753	0.1937978833212521	0.2445945720895296	0.2575512716603794	0.16756839772880286	0.1383899959013712	0.18509521601921106	0.19612718069987803	0.2415697933410388	0.2844176175843812	0.3029052122555411
YDR325W	YDR325W	0.05094952813896228	0.11239740382996656	0.1846087964259771	0.2320822555186283	0.2790960357707202	0.28336187984548217	0.2346704857535944	0.15521728124119094	0.1209868124384978	0.217318763213544	0.2528855371357057	0.23422190205822704	0.2283367284210949	0.18480176215167185	0.14955712402685906
YDR507C	YDR507C	0.33663398292072444	0.2666345841933789	0.19528540923077206	0.10981689274620282	0.09489754060558334	0.20860734693480532	0.3722983867610679	0.4490771273974948	0.42070495639539895	0.30944946160806336	0.16650793168995726	0.133518043567685	0.14280850273636378	0.11143620728094927	0.13179270838512985
YLR272C	YLR272C	0.16041993312751598	0.2206164497608712	0.2455118450898561	0.23203435627540844	0.2127108270571289	0.1626394449046552	0.10117269257587866	0.10715588143564997	0.2153395338851659	0.26701392382250977	0.2278151520428085	0.2150333673773568	0.16936066637868444	0.0944102579116574	0.07720640432399845
YAL016W	YAL016W	0.029216283704852568	0.04651884000443965	0.04838420228243713	0.05163657201263015	0.07042713554173474	0.05930905117309108	0.027922720924478	0.015120842928278025	0.035692275143528594	0.029025953498949018	0.0036521019748842905	0.007557372208085484	0.029739563377084995	0.040164123050654615	0.024001630647550943
YDR499W	YDR499W	0.13439168876315216	0.1181957383916758	0.11717586970279212	0.061201436849296874	0.022919936374833583	0.06336360748814875	0.1438613919219602	0.12859708582788118	0.18147676320905606	0.20048141323344498	0.088494898612958	0.051932954221697004	0.06269311677064775	0.07843505497188608	0.04133272472777779
YFL009W	YFL009W	0.04715358561128978	0.04204845604282317	0.03290680581920296	0.03471212230938005	0.04576184578023244	0.03814495161918236	0.04517350337812095	0.032913800734235665	0.040174817169672944	0.0675325409203432	0.039112130694060346	0.030751543305149474	0.03507072267794715	0.04445204080593156	0.04737403614682528
YLR210W	YLR210W	0.10551145256288616	0.12162545222396168	0.21996618427333406	0.25340886985958283	0.2675903555854517	0.2603482128323461	0.19058457414076352	0.07737533557643693	0.1385095888522288	0.21107285343589605	0.21142548474677966	0.23506537145602896	0.17332292503478855	0.10615496786842976	0.08571178037342203
YDL134C	YDL134C	0.06644298397745657	0.0917025178250953	0.06357831491045222	0.013536491255234751	0.013243627436783615	0.04316534191273942	0.05934044554187659	0.060221446964237216	0.0725657058046649	0.06859167420024845	0.034371080590307364	0.004329295864975365	0.011523266446371808	0.015984627733665806	0.01618819943344774
YHR118C	YHR118C	0.10178906328740177	0.06178569226665296	0.03918055928811065	0.03552340932994765	0.06698928993546174	0.060428910200191775	0.057440590633415625	0.048234243168709084	0.013960573201057392	0.04306889341536441	0.05835353279679159	0.04868409197299618	0.032692909164171384	0.013071385122239107	0.043262920916807474
YNL289W	YNL289W	0.4149915876804429	0.3769646436632111	0.33977838761138723	0.2108521306447812	0.14808553856616044	0.2584719583877943	0.43229160416167184	0.5314069851170635	0.566643571822095	0.4833575671861265	0.24939862572423305	0.12326042002580125	0.18917092963882312	0.2805134593894645	0.2883488116125019
YLL004W	YLL004W	0.040529273874730286	0.08984290044937239	0.19324095511584224	0.20982693444549888	0.187457895892719	0.13968365924292905	0.06219492037738065	0.05382641964734417	0.1417570530094649	0.13243044094055725	0.0906782874758944	0.12093071449769788	0.11263926025199462	0.11255896218361086	0.08216597186934822
YBR135W	YBR135W	0.04358190623526839	0.08447629930656228	0.08597622923275726	0.03461379257530711	0.0383414624695806	0.07442171345278678	0.08769562617916485	0.07894663166966254	0.10065581377770126	0.10326832261837623	0.081673376640428	0.0497570888643866	0.029593973149766258	0.040039899193326005	0.018850012299373612
YLR127C	YLR127C	0.03042431753584747	0.013696226541104495	0.04084521047278465	0.06705084782456744	0.04668697405895264	0.02919551849532412	0.030823915080028224	0.05012650001216026	0.060277572131466374	0.04604324504746876	0.05550145029774488	0.07153340821658041	0.05687376111761878	0.05559815109855268	0.07160294887486507
YMR199W	YMR199W	0.3301029692462387	0.2976580939637318	0.2854519564021113	0.2218663039374652	0.09228316143311636	0.12219067380373963	0.3446662273334811	0.4685315726765106	0.5088700516217508	0.4093983375836071	0.15947327386756333	0.08944100052149191	0.14258748919183545	0.15972578260413012	0.1557101930704396
YER173W	YER173W	0.07663991516354123	0.05729033990117709	0.03527695870645785	0.02454622463639561	0.03509018570139213	0.03979869210856105	0.03320647496447793	0.035452510830721574	0.03517992799987327	0.06578905598870871	0.07711598119543818	0.08569831969985067	0.07948048054209296	0.051883227834699695	0.06070904407914113
YBR060C	YBR060C	0.01870495929720144	0.028458828713765264	0.040021256420375004	0.029819038055847	0.02398946784558589	0.01998028012658969	0.05741598558785632	0.11072277554543887	0.08447160748862917	0.07810974802124394	0.07097288193120946	0.014880766219363687	0.026168626866922368	0.02467133849621752	0.016739084142521274
YFR036W	YFR036W	0.16452022690882953	0.16698877070512286	0.2298298615277617	0.18702485650504586	0.06367905214012645	0.05971339942108885	0.1746919582055114	0.2432830719851679	0.16567243276658558	0.12704365367498385	0.11169143982978068	0.06237553670925115	0.0912534231584602	0.05924901398116944	0.0653029997991083
YGR040W	YGR040W	0.1801073020652918	0.1735035883735053	0.15978860982832768	0.07284463805878277	0.008866749763250519	0.02092984218382474	0.07472254030778112	0.07342333073350084	0.05756764067379148	0.07397172205728628	0.08303328245676818	0.13391955835491584	0.16256852111101536	0.15150060875017266	0.13938807981550666
YFR028C	YFR028C	0.08945552961824417	0.08782662198224707	0.1488733672138298	0.1984127950976875	0.21899951593899245	0.19315787600194365	0.1413704241659468	0.07720823912310522	0.05913903035600707	0.092332551332311	0.1124704927237938	0.1562977622342539	0.16671781850522124	0.11178157173360014	0.09573995888891143
YDR113C	YDR113C	0.3114351083356903	0.3707762076262181	0.3962197594800305	0.3506483001013753	0.27773024647644706	0.13890337733713354	0.16543510584279794	0.3862929989767087	0.5078787255247442	0.5118249441861897	0.3952652011903015	0.2448551784498607	0.13004171456746744	0.08414751496455601	0.1473897419761122
YDL101C	YDL101C	0.32850063441240285	0.29989377195970657	0.2450313773189616	0.10475531974378814	0.060343513254578936	0.13914408801955974	0.2386043762956097	0.3107218091359282	0.35300914980204634	0.323813172129459	0.1971285671115134	0.07998805849396383	0.05633611716492034	0.06388505417455792	0.06891796252942373
YDR118W	YDR118W	0.030112656326724493	0.05370040385490718	0.04412685127450747	0.04622012679727155	0.05133727474548394	0.035899489299341475	0.037806315904446164	0.04982128470961858	0.036213431602534776	0.01045020222465634	0.03364912056077928	0.050792296123011456	0.0324439869171086	0.017438539732911915	0.033980639038212
YPR162C	YPR162C	0.11084956436114797	0.10111773091856747	0.04536455446499822	0.06382339298004994	0.1181596594925108	0.12992330868375326	0.13249362367163914	0.14063073077245075	0.13194484762991288	0.10938866423300343	0.07156559659831899	0.03225748322942495	0.05381236356755365	0.08730095605233147	0.06682018885845922
YJL013C	YJL013C	0.08939156188631278	0.09917043994205882	0.17027457017809525	0.21970667103789	0.23680836730693736	0.20525627337896146	0.18032237166245754	0.1643384109604059	0.11533831535906253	0.19349117912407834	0.21456034059967632	0.16578389268437302	0.18654590722731465	0.17861603792496047	0.11426395906765327
YFL008W	YFL008W	0.29456981223127915	0.2263834486677677	0.13213863677074844	0.04733853977479458	0.11285630733449725	0.243402495126782	0.3426658665430164	0.35742224167765674	0.3216180436195289	0.2020528432666515	0.07920041795038821	0.1283652124020544	0.14753368402267494	0.12030589853180942	0.10700229384490546
YMR043W	YMR043W	0.1861827553870946	0.15119877371496032	0.12396531307669335	0.06812705102498214	0.05044718982394976	0.08032678996854492	0.06440797228066518	0.050028026246721466	0.0826667975154057	0.14249473409333568	0.1514263726315507	0.09717727470191408	0.0716984856965599	0.05161801243159764	0.026564920410189808
YGL003C	YGL003C	0.1009041750690844	0.10069019995030808	0.07173813462828603	0.03769449214321517	0.05580576772258443	0.11712045464018657	0.11254999895521564	0.06139624088665095	0.07423366020817672	0.05724516408476293	0.01924403506070698	0.01981515619535858	0.05296596099460455	0.058868317142163375	0.018746668333562182
YDR217C	YDR217C	0.08704625451736818	0.05739401013863876	0.045424483431162094	0.07252659893464318	0.0867626373818787	0.10061546369789412	0.10325880045275017	0.054255872147441375	0.0445789689702746	0.07319615246331115	0.05509517977532652	0.036007549793846495	0.034531567908092364	0.02556121407188748	0.0118739721270947
YMR055C	YMR055C	0.10572704763123916	0.1668487348003703	0.24213229258252497	0.2476772897569173	0.2443107987845699	0.20976523886187845	0.1534995013097309	0.13064168365611498	0.2052252267199157	0.21856132630379665	0.18465216670275472	0.21593440931830876	0.16167113490917148	0.11625444426283894	0.10204253636868037
YDL127W	YDL127W	0.16089133904063216	0.08915994589889555	0.07660598899180968	0.08178386880780653	0.13288275993335974	0.2981361801661985	0.4329597261259296	0.4444698682357921	0.2823509680583304	0.13241187603946755	0.1659075853134188	0.1991957289514736	0.22491845766812527	0.2230357008088383	0.2098412993280736
YLR288C	YLR288C	0.06683352185415116	0.1255403695148241	0.1828545889826818	0.19770339217791172	0.2030239214478811	0.17837350437830282	0.1015219036475704	0.052184692945095305	0.10834007677430622	0.119846923618338	0.15420436654195474	0.19062872091431154	0.15652136163336566	0.1019112713943104	0.05823992445815701
YDR052C	YDR052C	0.05577119474626276	0.08869133103761083	0.08683343598156051	0.056400309355153964	0.04752568475546805	0.030294684843594863	0.05996608194286095	0.10915052512563726	0.10274774985191946	0.03992997925773542	0.020934039345106917	0.022759793513160324	0.045802802953458725	0.037064227269072214	0.03386817972280134
YJL194W	YJL194W	0.1226614469960966	0.20530435517766826	0.2026856565983352	0.1302369422197997	0.06539787240876223	0.1271849436265228	0.2520303357140897	0.1955062319263321	0.17649115770556653	0.27772237003432737	0.2855969086185915	0.2695151430578829	0.16282241169344944	0.055570121979955464	0.03509974162782998
YJR053W	YJR053W	0.08799113099737002	0.2547675184445255	0.3329463224744489	0.3479459836889	0.3367417474863708	0.2506055840367661	0.10319816339633467	0.1112109332985202	0.26964013039761114	0.3185821774363746	0.30376237156301744	0.2975943084754677	0.2705696932734465	0.17762073616618196	0.05138286799824903
YBR274W	YBR274W	0.009972636202474109	0.009192075817515213	0.017752092165223866	0.022456574326813483	0.045201460742327004	0.041603339836223115	0.010131475307769287	0.026572756495426002	0.04630783075356012	0.06562164265627954	0.05324585944532098	0.02993816330459432	0.04189158969151145	0.0416606613549137	0.024757799387726945
YOR249C	YOR249C	0.028104236701789125	0.03464413866327202	0.029347265743540664	0.04390356265215032	0.07358923165916734	0.08602450108059129	0.10454403972407164	0.06148936142504397	0.02301186685951541	0.085275086031504	0.07353105417384538	0.019108682676007613	0.07396638982574398	0.08289587763819165	0.04264525781723381
YDR328C	YDR328C	0.023894095687613703	0.028734165018800363	0.13122733380369686	0.18099464164519866	0.14107481188277018	0.10748965781040834	0.09729219762582944	0.068489680906564	0.05453825670201763	0.056608579144751474	0.083669791229174	0.13327093137528234	0.11582780431569285	0.10334068302523787	0.10159186001709428
YPR111W	YPR111W	0.10115232278831066	0.03910722433847176	0.06592935780293945	0.15370136847942809	0.18530762258225367	0.21089463928697466	0.23019647082674624	0.1743562546392056	0.12846421979146874	0.06470650938216756	0.08973779899537015	0.19597936024173232	0.17927436294514415	0.15375927337708795	0.16070937913508046
YOR083W	YOR083W	0.1517396714517502	0.2179408426682304	0.27504843651748645	0.2665756565832119	0.2739080615156725	0.25668942218242463	0.14637453064467715	0.093543526707328	0.16857028909017333	0.24780553633309546	0.25503321127862605	0.13778630052305393	0.22371372952578686	0.29834169139766537	0.17190034019098113
YBR202W	YBR202W	0.1491622250595561	0.3364436020525345	0.4655723656592181	0.4730631709840398	0.3682849641694256	0.1811097292387301	0.1907357086956925	0.3259546491201985	0.3770122751995088	0.36803773752176	0.3311613582602912	0.29195822902785323	0.2218541572438769	0.12789342004781035	0.04729555202255116
YGL240W	YGL240W	0.07779033267991747	0.033489117925601226	0.0941602486145418	0.1236786625194547	0.10594610631347287	0.10055004248429604	0.07009413218724474	0.04885794927324244	0.08785576952844644	0.116433824984187	0.12261766349649665	0.12062197719276495	0.053979737243776235	0.04392299866987474	0.07251535015162397
YML065W	YML065W	0.0551326403519729	0.07740699378171795	0.14939259425036586	0.18207422809055224	0.18140048313472426	0.1347144124760128	0.14065415865078398	0.1431828586821148	0.07971511246131524	0.06181735711637538	0.08243125520496734	0.1347319946864505	0.16007313647305824	0.15750290925103208	0.13942748117636247
YPL194W	YPL194W	0.14570250273153548	0.1327599967111628	0.1265207937821163	0.1053397987578035	0.10397699548221626	0.12625895809983168	0.114175777883622	0.06633804091180312	0.07729761049348685	0.10854442503974177	0.07948708027864096	0.021662677882159302	0.025504739427173986	0.02758279514590352	0.08156126303830318
YBR160W	YBR160W	0.21681638528832936	0.2224496057932264	0.19336593488945675	0.1051959113942703	0.05492319527167479	0.08444670873902946	0.17423481622652814	0.24124398919816234	0.2458757572972544	0.17281401812552288	0.0834111624869106	0.062219218129354374	0.037146084603267314	0.01838721312313313	0.022389819914384358
YAR019C	YAR019C	0.053190655581058455	0.02321608488130372	0.043111506119332586	0.061239364858604414	0.056525907388036124	0.05726026680777323	0.07028122948866161	0.13179003535985767	0.11669231561460572	0.04078318443831088	0.0243596216584728	0.015237783064094006	0.039189976969003566	0.051454354160483495	0.02622118463851277
YBL023C	YBL023C	0.14033691185076022	0.21335654970081028	0.3650438388212274	0.4177944372484056	0.4378020262928065	0.36181964504082587	0.17557172115374056	0.1993053971158657	0.3177563678008073	0.3071796840693373	0.2920363651546979	0.31402201582561634	0.26866931303010594	0.18758850803639127	0.10506103833001183
YNL261W	YNL261W	0.050977934332972014	0.07308984599407901	0.08032504150429921	0.06295771290364717	0.09652504569093237	0.122472597787714	0.06290287356293787	0.03697556069280706	0.053563385776401004	0.025622701207676502	0.04951782005648466	0.11067885619815937	0.10836957192056797	0.09952839073844973	0.11657929630957532
YAR071W	YAR071W	0.229344615153125	0.18404683522300416	0.18655127536028404	0.15274625043673867	0.10993786711449384	0.10723645858087373	0.13301235054418978	0.1626745754170145	0.20225017266171805	0.18059990594781092	0.1379431618528736	0.14429746860010564	0.15679226003359106	0.1530661677901097	0.09590766924523196
YCL061C	YCL061C	0.3403033315870722	0.2836861802775818	0.18585278551199785	0.09684424762850063	0.19581756104007744	0.3391603328851553	0.4507643367680431	0.4712998080740672	0.3816327358752774	0.2085194656322544	0.13005785501382805	0.2010304061748205	0.20619339880926446	0.19272811406335802	0.1767325444989479
YGR109C	YGR109C	0.4751148002429769	0.3615775089939916	0.2577721240783899	0.2133910566380281	0.2953872979828616	0.4324889598559575	0.5585976964837568	0.6123428328003955	0.6125609709843444	0.4406366311043489	0.15836639202334482	0.3146419092312565	0.3557523766690901	0.34649929726399514	0.3251556610644313
YGL201C	YGL201C	0.11725519573407055	0.199499175561288	0.3048408280244193	0.3085777311538839	0.2535294857032596	0.14576927196614758	0.06300416965475371	0.10666567957612952	0.1822586838852232	0.20554715578739105	0.23244189948089325	0.2391380926528581	0.1828399306237947	0.08867604572387341	0.030148099030735162
YER147C	YER147C	0.10301649461058443	0.0907450659575472	0.047614312827356606	0.01798521969559695	0.042581739514931	0.06185574253654445	0.08759510552442945	0.06976826372586678	0.03905561156185053	0.025661214375986043	0.01402050281030507	0.04594640995119994	0.041184979890803206	0.03290747157976797	0.045133839849785216
YML064C	YML064C	0.17223424067357393	0.08902749010764296	0.0667231010888415	0.10052438199532016	0.12563781876486216	0.14629807970388142	0.19556157492646786	0.22796503942259935	0.23696266115573802	0.2038449075915765	0.10270396683453736	0.09603025032954357	0.1074289329316156	0.08123361728212185	0.1652706726836284
YEL032W	YEL032W	0.13976810447232152	0.17693435444589262	0.33695171787326045	0.4176978017631327	0.44472805794560333	0.3937268101795852	0.2681612211188042	0.15182490763768824	0.24940606383431824	0.32525758484746137	0.3197041555774761	0.316136958985847	0.28482036067135835	0.2313108394242281	0.183620543154448
YPL031C	YPL031C	0.10859951295915432	0.10413362516892716	0.07304882161851681	0.029333949843811918	0.04099194053042847	0.0827977514644255	0.0658546340465155	0.014103106693278354	0.025106595363170812	0.060253752239969816	0.042927884050121976	0.022467452409221645	0.02037121019144244	0.020583073499492573	0.039144118815030784
YML027W	YML027W	0.43526087238601335	0.3599826106944459	0.31761893083303605	0.2207980480912253	0.15541946016027522	0.2691646536309261	0.44674533964404334	0.5334453609322283	0.549372106025954	0.4550443616307849	0.19789946323534527	0.13494239743996236	0.18417438949166848	0.15219888948399468	0.18337246488921088
YDR260C	YDR260C	0.05861501832554095	0.09918660002040404	0.07788294481867324	0.03504441308158104	0.03507994163184173	0.06219477215250189	0.1417507826878407	0.140092016452849	0.044762185273027166	0.059750022394542586	0.05484924057034031	0.03678504103635228	0.07519733732670089	0.07687479688641173	0.042700929062231385
YPL153C	YPL153C	0.3836993301304844	0.3332094999978907	0.2558813285948756	0.1250571272502698	0.2046871640353747	0.3770628737195206	0.4809539446072138	0.5071837471090699	0.4614801693505728	0.3018016684480194	0.15809704460131904	0.2004979251071844	0.2324171746903942	0.22885420103700665	0.19541777533076246
YDL106C	YDL106C	0.012473274560586509	0.020926365853906028	0.029363130208307223	0.05093054733263146	0.08168083672964302	0.09161878428219744	0.0824999099417741	0.08649643957576691	0.07241187059402218	0.04463907181683023	0.0271570410333384	0.036885634956991285	0.049982418339674616	0.03985310519362426	0.04370188241892692
YLR102C	YLR102C	0.10269866163700683	0.12201346255344404	0.0957481597542648	0.05232062649276596	0.05119178656617437	0.07443724304545975	0.1487119124458456	0.1229608612502705	0.05749935946180094	0.12968114986869628	0.12625290756082366	0.08000513136016832	0.05628608753321188	0.018245581189371286	0.026280453909691533
YMR036C	YMR036C	0.04438605629462149	0.04389418079842712	0.1109258044295514	0.14768464071108126	0.14946592521694382	0.13041331115332894	0.1000694542627765	0.05983096937743398	0.019830926125830185	0.08905692118828107	0.14926342197812958	0.08157202862009334	0.07036751655223134	0.10458476189170184	0.060468386190426986
YJL076W	YJL076W	0.06352210805844466	0.04318368195948112	0.01866626339179985	0.06586338700531875	0.15026465177997944	0.17196750937227526	0.13268644667913904	0.1079975634018466	0.07283200390644863	0.05298776651770695	0.054956557243156505	0.05505005945975672	0.08133866198389987	0.08702750064151568	0.099307973312732
YBR133C	YBR133C	0.14115372576894555	0.056888241367535335	0.06169575552018871	0.11644308901480675	0.1754465619838988	0.15939493046252004	0.1106729694725395	0.07793619852380827	0.033770579799095195	0.04847185489863543	0.10784184113665457	0.11297300273972999	0.046382717067944515	0.013223110534129232	0.015523733010392853
YLR274W	YLR274W	0.15231644545722048	0.2553487177920484	0.39670902507317	0.46728240730779497	0.4999291022229559	0.4404414722577786	0.249519085916867	0.214948803727443	0.3641964813368596	0.4056868991906667	0.3875791642243617	0.3595007963426711	0.31192648878686946	0.2569765591970693	0.1953496239146931
YFR031C	YFR031C	0.11647098697027801	0.09337187567494597	0.13173386631421358	0.1714595364256158	0.1533648052068926	0.09619700280227857	0.04516966875382767	0.0604283491187597	0.13824394974179113	0.18851273033131488	0.12431648792384313	0.04759185571366375	0.06300192216016945	0.11452652942899445	0.12265122579320233
YGL116W	YGL116W	0.413802554138656	0.5120400482376147	0.5390681907630317	0.4208392017205482	0.24623740035525066	0.3034374254569657	0.4509404528269626	0.5089150926256019	0.5133784031609333	0.4510114772581561	0.3449102310617318	0.26286647463626084	0.168472079766624	0.11204253017244108	0.16352990018720182
YKL101W	YKL101W	0.3391651190850868	0.3134903678979962	0.2632713506651317	0.17419945553047342	0.0898524394000722	0.15738519748844207	0.3296214425837852	0.4183105923449675	0.45427700476526095	0.4300106360494729	0.25633195260281355	0.08453846381678691	0.13054020193219895	0.16195507282319582	0.18793384260133106
YDR180W	YDR180W	0.21963141126803792	0.09766127594345328	0.029983573992861706	0.05337349577409351	0.10854644674418516	0.15913794611748802	0.24275750160249498	0.2582745121405668	0.2106257660854772	0.11185015665758424	0.05945633703585606	0.11685445971920315	0.1052806881614868	0.06056080901359484	0.05371635064947992
