Node	Core	Weight_1	Weight_2	Weight_3	Weight_4	Weight_5	Weight_6	Weight_7	Weight_8	Weight_9	Weight_10	Weight_11	Weight_12	Weight_13	Weight_14	Weight_15	Weight_16	Query_1	Query_2	Query_3	Query_4	Query_5	Query_6	Query_7	Query_8	Query_9	Query_10	Query_11	Query_12	Query_13	Query_14	Query_15	Query_16
YLR274W	True	0.11015730564407328	0.06952819685382093	0.2733822686125361	0.3841926687902399	0.492974546480953	0.5067419026171279	0.2803812496917619	0.05209767313561733	0.22170460211474255	0.3511083356032338	0.331506431996881	0.3013576731792402	0.25992451778973763	0.1934085690150679	0.15244399105944825	0.09033179047325388	False	False	True	True	True	True	True	False	False	True	True	True	True	False	False	False
YFR028C	True	0.07593736440424903	0.02230663413515121	0.07397618237622673	0.10093711663133878	0.14658778631651653	0.1338211512045586	0.10557868955339483	0.059067891632237864	0.02460021464748996	0.038256075775933984	0.06346901249052357	0.06325409001111762	0.12199818885939305	0.07807547430973337	0.0477737179343099	0.058102860191682676	False	False	False	False	False	False	False	False	False	False	False	False	False	False	False	False
YIL106W	True	0.3246827276251125	0.298411877741341	0.2973014554439041	0.05290770961904225	0.08368202455769518	0.2426583607051886	0.3347842208255627	0.35712942495811834	0.34258218134541324	0.31522601082412155	0.12219258526005483	0.02551479744619754	0.0422547764682398	0.11191084227344192	0.15428578691385295	0.13414532104242374	True	True	True	False	False	False	True	True	True	True	False	False	False	False	False	False
YBR060C	True	0.01607410769323841	0.002987396259543259	0.026305061491977748	0.015384670377648225	0.015350871985595434	0.009228235570377672	0.011159395128696991	0.04975399265421023	0.07475473477142555	0.017510680675621917	0.0672171357359176	0.00917770845199364	0.0059278399010266394	0.02094398574444508	0.004351424377286318	0.012672626790173658	False	False	False	False	False	False	False	False	False	False	False	False	False	False	False	False
YBR133C	True	0.12596486680610194	0.03838785847680605	0.02193186593212794	0.04382053355146637	0.08796847468001147	0.12480919853669135	0.06481008433323321	0.0596356658503627	0.02488798468123302	0.010062906994238213	0.040878155703882826	0.07999933677351663	0.04736206607968384	0.0012766466388326513	0.012123657599430092	0.0036448616944501867	False	False	False	False	False	False	False	False	False	False	False	False	False	False	False	False
YLR103C	True	0.39533833390808704	0.2939858675650461	0.2742778387817975	0.07511225583164532	0.008827468524395737	0.13820381891378175	0.3420941263595619	0.5696764620650862	0.4893364179360379	0.41708973635358304	0.09430721028864718	0.05260557442441155	0.1243961455207924	0.12908215263563727	0.09158263659562407	0.11986286608169965	True	True	True	False	False	False	True	True	True	True	False	False	False	False	False	False
YDR052C	True	0.04047664901562533	0.018588690270730887	0.07873435082202447	0.016356117229548953	0.043415319656585016	0.006481757875911598	0.0247593669999571	0.0390320354068824	0.08349205895937503	0.031021724466592668	0.010568970373419232	0.010812673138223459	0.012477192917309966	0.035524208779560335	0.0029666525205204203	0.03208879127294041	False	False	False	False	False	False	False	False	False	False	False	False	False	False	False	False
YJR053W	True	0.002480641534522189	0.0939999234994526	0.2478632195465485	0.2512665112264232	0.2823487644793433	0.2253595771962864	0.10905121997338607	0.006022321565247408	0.11910403007997705	0.2500840121715837	0.21744437773434355	0.2188468526677654	0.204831816321314	0.16610107579784605	0.049882891670082016	0.004283184679205535	False	False	False	True	True	False	False	False	False	True	False	False	False	False	False	False
YDR180W	True	0.19637333160674247	0.08507240370267302	0.02315887723405552	0.0077515003523144065	0.04863134497879017	0.07313208997275157	0.1161236213329263	0.20445730500998804	0.1437503760903723	0.12307587315389265	0.002860259691273748	0.060354601433278525	0.07196159605558514	0.04570736086583288	0.018757491776738255	0.03800809926601942	False	False	False	False	False	False	False	False	False	False	False	False	False	False	False	False
YML027W	True	0.476809537590961	0.29391954970458944	0.2685379970896345	0.1969188351474883	0.08644550647196815	0.09757419659835008	0.2707230607362688	0.5367628434161036	0.6066088354040056	0.6125169962907255	0.22249475437674066	0.0242317520454976	0.13176063163001248	0.09399152314349543	0.08553040434178516	0.1390180672748783	True	True	True	False	False	False	True	True	True	True	False	False	False	False	False	False
YDL101C	True	0.2802783699531912	0.2089263132484788	0.21942835629810706	0.1051300027616485	0.011883057526861671	0.052335637395985866	0.10929894753641252	0.20407870905522454	0.2467143281456342	0.2989025838926728	0.1799786347036978	0.06555079757701612	0.0213916157606036	0.0383077307860375	0.02993715138302748	0.044082064707371686	True	False	False	False	False	False	False	False	False	True	False	False	False	False	False	False
YAL016W	True	0.012084561293338056	0.01801100295484711	0.030777417788208007	0.020066843518178414	0.0343812409279015	0.0413816586085196	0.02166673283933325	0.007058062529851223	0.008294930595961144	0.02871843580514393	0.0011752092449429955	0.0024902794685106155	0.005124641531910216	0.025526472596371058	0.01631830942856074	0.008273566338071376	False	False	False	False	False	False	False	False	False	False	False	False	False	False	False	False
YLR210W	True	0.10516627085993174	0.012791027604310494	0.1256754757021729	0.1563202273538765	0.18310098946652992	0.18225514371130405	0.16973239603262952	0.06572713198223146	0.018137237311190192	0.14264178827040774	0.12490237516109533	0.14320860313863895	0.16409265200713544	0.04556953687367081	0.07319262440978999	0.020554378486549663	False	False	False	False	False	False	False	False	False	False	False	False	False	False	False	False
YDR507C	True	0.3051268325350657	0.20233658020182008	0.16124012855272385	0.0814364818515917	0.04192790447672952	0.06291938614833087	0.20067586726580505	0.3924377697057698	0.4226983405016335	0.3035377304607688	0.14458220342367745	0.05518926174162695	0.0989028605195649	0.06769760529495063	0.05771399508091976	0.09408467058104986	True	False	False	False	False	False	False	True	True	True	False	False	False	False	False	False
YPR111W	True	0.09241442611325396	0.020121129524042408	0.0205777136029114	0.050005125450743766	0.131610870079425	0.09584629991350634	0.17141159717695703	0.1276211587185251	0.08355497580546921	0.06384484725254833	0.005338259474115609	0.09324630099245017	0.15050286482579847	0.06793110975852634	0.11376573906922292	0.0777166570636727	False	False	False	False	False	False	False	False	False	False	False	False	False	False	False	False
YCL024W	True	0.44720615295020094	0.2767271918628008	0.2009129630297737	0.0349664996784522	0.1890030068301916	0.4126741853888077	0.5359720214192195	0.8065638831696332	0.590129436824226	0.22485880272432351	0.09464440627268857	0.21710690704296576	0.28251730685168397	0.2643255758112127	0.2123851068269781	0.17993564000669152	True	True	False	False	False	True	True	True	True	False	False	False	True	True	False	False
YFL029C	True	0.0068201337562298426	0.02276481442966664	0.0013122013590794995	0.03157308620974079	0.022355436737204762	0.05149748683004771	0.0204951885564773	0.04878864100062194	0.027209352800654108	0.05897702024295776	0.013829924982235913	0.017133468858373996	0.00990791312749327	0.025514284071158008	0.0042357515055983005	0.04911657059308591	False	False	False	False	False	False	False	False	False	False	False	False	False	False	False	False
YLR086W	True	0.053498043731552494	0.0187317691143728	0.08479864999367115	0.039836284993787566	0.08576374341088885	0.1261169381695781	0.08395479583327026	0.10959243913911072	0.04110260232178673	0.011205112627808031	0.0553280295714097	0.05140572612915048	0.09043729878456246	0.09893144620541186	0.054047933488757915	0.09665401643008238	False	False	False	False	False	False	False	False	False	False	False	False	False	False	False	False
YFR034C	True	0.0065768331936035315	0.0023498035628554768	0.04116572941551497	0.09495585164830428	0.15079481344918136	0.1166861743638835	0.08750124935850688	0.11325287794515496	0.030597856848509294	0.09003129073453105	0.0924135057128813	0.055739475489394084	0.06924764712639556	0.14608486017071806	0.13901319265949594	0.11173151682961033	False	False	False	False	False	False	False	False	False	False	False	False	False	False	False	False
YGR188C	True	0.195397374978703	0.19698284085481269	0.2963193135848991	0.2770424940349962	0.18367214993252826	0.07966712493224731	0.0012427365833380516	0.2165425806753807	0.35290060806050233	0.4396722308287005	0.1689873322354602	0.1874190408573022	0.10715698974270142	0.07164594833910949	0.038223724206922764	0.032304258942977136	False	False	True	True	False	False	False	False	True	True	False	False	False	False	False	False
YMR199W	True	0.2819984751481313	0.21076825479961944	0.21303971024634066	0.186446313065409	0.09867988704665356	0.0029852551124523057	0.13621430697606926	0.38972566698720185	0.4918536490900805	0.5442673476075978	0.14892124910002255	0.04080891522367094	0.057417559472330335	0.10888219402372942	0.08120549318288654	0.10322192947748274	True	False	False	False	False	False	False	True	True	True	False	False	False	False	False	False
YHR152W	True	0.10309184096351157	0.15342549207367445	0.3665030512701999	0.4266839711245073	0.3394760145564012	0.17839059765991974	0.010559635367005802	0.29262180515578096	0.3380997865457661	0.4058429312314087	0.22302527666974306	0.2246828432591052	0.15819654419756307	0.08199280977503115	0.02939637317086998	0.006734351468619528	False	False	True	True	True	False	False	True	True	True	False	False	False	False	False	False
YBR202W	True	0.04025552253470058	0.1350566573576379	0.3719742492740109	0.4991864762253415	0.3985742133576437	0.18441802725794815	0.03674680483898704	0.19894345203405486	0.28463624878985005	0.3205318150275313	0.26184115148236764	0.23328777438069395	0.1790582777837036	0.10604786177760177	0.04060098021923498	0.009042486989255137	False	False	True	True	True	False	False	False	True	True	True	False	False	False	False	False
YOR368W	True	0.0989086153846182	0.07111481888638826	0.09813775011386053	0.013946690398728142	0.0023718780173053195	0.044511493180502085	0.03259167083599687	0.05608579944148377	0.009881786338918178	0.0945314191467873	0.035640261472538334	0.04855285536280099	0.009867082100883192	0.0010004839205154919	0.015216947010173528	0.0044579522333012146	False	False	False	False	False	False	False	False	False	False	False	False	False	False	False	False
YLR182W	True	0.017529106429481647	0.01389763621427874	0.08447693977845334	0.08031632904300055	0.09516170726272613	0.08938627216775759	0.031193168769832868	0.047179045447253695	0.01713573596188146	0.09060289690625416	0.05277698353716823	0.08924621538414103	0.08363321981855107	0.012519942443890856	0.04124004350595279	0.020970742885955927	False	False	False	False	False	False	False	False	False	False	False	False	False	False	False	False
YOR083W	True	0.09067361640982144	0.08820975977192715	0.19046588851509155	0.18893661279990956	0.17453053821027062	0.2027055210240996	0.14262714319828673	0.028846806325762118	0.07435012531237198	0.1283973672035116	0.20104607900992874	0.14129564029859634	0.018509638377259437	0.26967493738385234	0.15552018642497972	0.05206393482755863	False	False	False	False	False	False	False	False	False	False	False	False	False	True	False	False
YDR260C	True	0.008944091874430871	0.053320570794482026	0.05678724956282026	0.02767376802822536	0.008643357398754334	0.027711925432828424	0.038607572801634106	0.12655515595886718	0.03635996883735165	0.010499760313782452	0.05304719402564596	0.0049850722801426045	0.033204784193775136	0.048106981398821885	0.03516969291049436	0.009435938034495087	False	False	False	False	False	False	False	False	False	False	False	False	False	False	False	False
YDL127W	True	0.1126362368726239	0.07910453107116333	0.018783067851883908	0.06417825535203082	0.02488995640070761	0.12835663332589886	0.2964211821722644	0.4671219841145139	0.3329603927392503	0.06047839905344851	0.0921422655022262	0.10676565212433588	0.14197893647614485	0.14820789598466438	0.13885252756507116	0.12671602106905894	False	False	False	False	False	False	True	True	True	False	False	False	False	False	False	False
YOR026W	True	0.15620662505311803	0.13314862695586582	0.11004257706539708	0.031651892574222754	0.009555236960519685	0.01695548642142683	0.05572133771354452	0.08416395467159893	0.09781220288468732	0.12534825368264327	0.07970723584238013	0.07730909326937854	0.024254497515298186	0.015325695097323648	0.019670417170900168	0.002041306622389321	False	False	False	False	False	False	False	False	False	False	False	False	False	False	False	False
YDR118W	True	0.004770085140411594	0.026277496337121842	0.030470286366859656	0.01569363332619138	0.03276631859339305	0.021349093954001704	0.015887157765491298	0.023404636110690158	0.02902895759951292	0.008545161806144102	0.002015400429480584	0.0328054097717851	0.02070479238476401	0.012827102904412493	0.004920936722718442	0.030255003233992363	False	False	False	False	False	False	False	False	False	False	False	False	False	False	False	False
YFL009W	True	0.028701073785358997	0.020786005033676825	0.023108131687609	0.010918377874458159	0.0250420056666946	0.022914414413415903	0.016743277962785057	0.030567415171456808	0.0034665734835613573	0.038389816501129055	0.034033666230373086	0.006670490772161958	0.025056713014174337	0.011288668458007908	0.035231278948319504	0.014498665378630312	False	False	False	False	False	False	False	False	False	False	False	False	False	False	False	False
YBR093C	True	0.2812166239520579	0.2751323067104892	0.3716437580233756	0.2976877391517592	0.2256478157642372	0.1912761877846516	0.003439637725726322	0.18140041966848386	0.28366500399456296	0.3746322609513785	0.34970142450515196	0.2391988386498649	0.15383880508196454	0.15596579518751605	0.096405589957312	0.021347871202533404	True	True	True	True	False	False	False	False	True	True	True	False	False	False	False	False
YMR001C	True	0.5241177773969465	0.33244527688135617	0.17837188095822684	0.04150963438500909	0.2112392659450208	0.3259551095804825	0.36003141705690417	0.4425240476670384	0.3909613426122315	0.2591971607057945	0.1601060630185367	0.014740392364064159	0.07635213835208436	0.14826443908322712	0.2251411647372912	0.21207460429437425	True	True	False	False	False	True	True	True	True	True	False	False	False	False	False	False
YMR055C	True	0.06509645213190779	0.053130368159579375	0.14713186724660704	0.17235963531077175	0.15685718399392576	0.1664381580483146	0.09900857901975338	0.08232563347891605	0.06794805827747373	0.19027003522458666	0.08942091642745023	0.13704950412426228	0.1383539976804382	0.054495302446732334	0.07705211355794259	0.03658638325461538	False	False	False	False	False	False	False	False	False	False	False	False	False	False	False	False
YDR113C	True	0.21094174150620199	0.24135420344523134	0.3479054719199423	0.3083262708393271	0.2316712376851253	0.1528530278286325	0.008456834132719703	0.1897723353435079	0.4396697246828664	0.5923497222843275	0.4560957853071124	0.19752163834421926	0.1267276598860582	0.022752742502215286	0.06912615321459815	0.103742681741388	False	False	True	True	False	False	False	False	True	True	True	False	False	False	False	False
YOR195W	True	0.2057208599549532	0.1885221822597138	0.23850771184295136	0.16387574140452574	0.0885054306706998	0.06021778728162245	0.05683900885673295	0.16724499597784884	0.3047985269486682	0.3331876650095839	0.243379036750978	0.06144334521473256	0.048461791679490315	0.036001275572245035	0.0043813048787648716	0.009198135273291816	False	False	False	False	False	False	False	False	True	True	False	False	False	False	False	False
YPL031C	True	0.06438451118575908	0.05744570378267645	0.058792195188096835	0.020013273020126142	0.010207161535189607	0.03253694277724042	0.05773513363406608	0.012762067815193932	0.0015427816969859846	0.024210388079071343	0.03990665669082272	0.004946686473936369	0.01803715428368834	0.0027576716783206468	0.01825796828313749	0.02248083509157523	False	False	False	False	False	False	False	False	False	False	False	False	False	False	False	False
YML065W	True	0.04677642584348727	0.011573182478796587	0.07232837894644116	0.10330210962038147	0.11930272121347273	0.10229584975731734	0.0533919536897478	0.11028389354534203	0.056826277082060235	0.029793761495900614	0.03609677440910376	0.053739824398957116	0.10197146257695193	0.0886083883887551	0.0983393304585756	0.06367778968715403	False	False	False	False	False	False	False	False	False	False	False	False	False	False	False	False
YFL008W	True	0.25140611761014386	0.16616860110582846	0.1264614470464719	0.025796324032390038	0.023894507129819397	0.10331860193869052	0.21838810943563344	0.30290821324413314	0.2533236778359799	0.22077213293046846	0.03244368664061605	0.05356896963589493	0.09370052239046596	0.07936635574598264	0.0573924315768168	0.062431273576487874	True	False	False	False	False	False	False	True	True	False	False	False	False	False	False	False
YKL101W	True	0.2743726848659707	0.23886462884168225	0.21777917226294194	0.13957268435729106	0.07137347776031175	0.02734945826650742	0.1594324461331406	0.3322620434015756	0.3868684527704371	0.4455630348744203	0.3088556670275266	0.0358303168599981	0.056514866935761125	0.0936245670234607	0.09962888225018164	0.1317978813072958	True	False	False	False	False	False	False	True	True	True	True	False	False	False	False	False
YDL008W	True	0.018803630700372213	0.007225907182331595	0.01939847250974543	0.027327641011692327	0.007311958935660555	0.02106121845163737	0.05706137807068519	0.034346113210385436	0.012557096861305432	0.026513482772335638	0.004675404602084765	0.017356775887963673	0.02451965650524035	0.0190432562957879	0.03645475357801335	0.042070415863289	False	False	False	False	False	False	False	False	False	False	False	False	False	False	False	False
YHR215W	True	0.2432084013299386	0.13174901021135965	0.15306143075138254	0.10863302094400436	0.15739428483968035	0.15114000159303387	0.0902855733705928	0.03402039024563571	0.14840026991073574	0.1751035338307358	0.18108492418690816	0.1804108746227196	0.1343910935676134	0.13589697725261912	0.08561461548820624	0.047840256957610884	False	False	False	False	False	False	False	False	False	False	False	False	False	False	False	False
YDR325W	True	0.024609378586447773	0.029075361740431745	0.09755496168917123	0.1288502234744653	0.1733725825311045	0.21377473475283146	0.18162968468327828	0.1249970445689794	0.058739291170988014	0.07890006868222542	0.1987592809986416	0.13972370883157909	0.16613761403435176	0.1297644158159141	0.09693107194599047	0.07892685837734192	False	False	False	False	False	False	False	False	False	False	False	False	False	False	False	False
YBL097W	True	0.1670864209273006	0.00135006125473929	0.025331932637815625	0.05069734949875341	0.1327431948713429	0.18954858684520398	0.14027437317740504	0.15696939356785813	0.048447211412996405	0.01589203436281382	0.08320342626492983	0.08322015676873214	0.053803979116966785	0.11217069205961848	0.046571803238347496	0.06427301310373335	False	False	False	False	False	False	False	False	False	False	False	False	False	False	False	False
YCR084C	True	0.03347444668443905	0.05663675040303837	0.11602050402613402	0.1362890965276174	0.12871065016832395	0.12116809039503955	0.0753608677162868	0.005300341663428219	0.036934363633448965	0.08804621515900499	0.1561299801906878	0.08455837322699036	0.07865199021416787	0.0827708175894694	0.05576532294099877	0.0052092200671141715	False	False	False	False	False	False	False	False	False	False	False	False	False	False	False	False
YPR162C	True	0.040392569215405266	0.08427650804990909	0.028216233654629882	0.01930405765361373	0.04887046465496372	0.08512165848210128	0.06420231488765543	0.08852696444330002	0.07511715899487897	0.07688337607441742	0.04594086817214569	0.031141148969949163	0.002191563678731859	0.054681261007976704	0.0409701551200948	0.030634682512128912	False	False	False	False	False	False	False	False	False	False	False	False	False	False	False	False
YGL086W	True	0.03564422842617086	0.025678948286724724	0.03875207268149671	0.018535810389607905	0.013717389985452804	0.03190713640906472	0.03595082503728747	0.11959176887410305	0.08059655542441947	0.00730910603493098	0.034554110731987026	0.002501727056803633	0.011777957520188993	0.011182906481943648	0.035387351764129216	0.04706177160703432	False	False	False	False	False	False	False	False	False	False	False	False	False	False	False	False
YEL032W	True	0.1536489597209533	0.008828280659195342	0.2061416374774998	0.3020441567643338	0.4152771980714636	0.3856421790182511	0.2637792646319483	0.10264190469821184	0.07635994174227974	0.25591834058488505	0.2261287006907559	0.2438200108861321	0.2184610893134388	0.17978900759749514	0.12112695595137175	0.10379362676876212	False	False	False	True	True	True	True	False	False	True	False	False	False	False	False	False
YJL074C	True	0.3667553575095309	0.26708991157289075	0.18359236777086652	0.039960491153629686	0.11759553880519773	0.28745547098121016	0.4200506944183253	0.5435153321747936	0.4224967330420116	0.23308601614733004	0.032495950778335725	0.12007105039410655	0.1556164519115998	0.1602640885171014	0.13022471625931697	0.10500058721508253	True	True	False	False	False	True	True	True	True	False	False	False	False	False	False	False
YLL004W	True	0.03941135910835868	0.002829923268649187	0.09588149753302404	0.14364597518789182	0.12189956615279353	0.10880588891857676	0.053557247320366035	0.01276241945133498	0.04412610583097326	0.12104513560659627	0.03160019358652216	0.06812060514398277	0.06944615607961954	0.05749123838295514	0.06934418773230551	0.020177413506096236	False	False	False	False	False	False	False	False	False	False	False	False	False	False	False	False
YBR136W	True	0.027568610577931082	0.03263424341033045	0.021867193586094857	0.018290536104226846	0.002518688646252827	0.008116795056807591	0.0011127103638182262	0.0423292376433903	0.009144234342384936	0.011234212804220071	0.035284265147994084	0.02313061399902224	0.07003265582628798	0.01864223154734091	0.026778198076181776	0.022586993644878917	False	False	False	False	False	False	False	False	False	False	False	False	False	False	False	False
YGR233C	True	0.10267856429373162	0.06646741017644266	0.04281908430637095	0.008235896675730152	0.023065708283005196	0.0218799751938755	0.02353265709831096	0.01609405189042027	0.05343715917461253	0.07987260333386483	0.09939556329652452	0.0442220702289366	0.034127188695715335	0.021529511732909547	0.0015468603011027187	0.004132410319756079	False	False	False	False	False	False	False	False	False	False	False	False	False	False	False	False
YDR328C	True	0.021898352323604098	0.002580646914133121	0.027003596640934945	0.12404550850442128	0.09694772407805713	0.06729802611586509	0.05313716967884631	0.054641003247039216	0.018884409733054764	0.038799845699403014	0.0212055538551445	0.07010409677986999	0.08365898351781749	0.04734242648020631	0.06790835056396573	0.045171502006189405	False	False	False	False	False	False	False	False	False	False	False	False	False	False	False	False
YER111C	True	0.3267609608583764	0.1584157617598542	0.02996473273349328	0.12546585888843936	0.2230674726016149	0.31111996857402224	0.5182252681390843	0.5460706979111324	0.26842383717676604	0.05760282460899245	0.15900064410923753	0.23181405629111526	0.2601621515306636	0.20687533358979568	0.1503338814043363	0.12216555761197845	True	False	False	False	False	True	True	True	True	False	False	False	True	False	False	False
YAL024C	True	0.057211756340607815	0.1004083519253066	0.1559280625703774	0.15742253041585938	0.13015490917263586	0.15081469186613408	0.062394903744102864	0.009906195490884756	0.04128201102061976	0.12748518875050113	0.13659442867029165	0.11064463202820088	0.19149816497365887	0.06696656456150014	0.09208361251452804	0.05428245692401572	False	False	False	False	False	False	False	False	False	False	False	False	False	False	False	False
YGR040W	True	0.12715865161871412	0.0925131450919752	0.11741346309747933	0.07276321350729703	0.0058046738705696465	0.0031413984775556336	0.018235866488326837	0.06252103461746318	0.016720471421777523	0.044363637272186916	0.035516992530634665	0.05503512988361583	0.0995920293448516	0.09453552044190117	0.08401570813000678	0.07794821143274504	False	False	False	False	False	False	False	False	False	False	False	False	False	False	False	False
YGR113W	True	0.04163752149129838	0.01866989379015813	0.09342308635408328	0.08669443334593123	0.13615440483814373	0.14367455013702055	0.06946901113663495	0.012899188072587916	0.003183987806045425	0.1102702903521818	0.059821619017155415	0.1173828052778934	0.13696684493184086	0.015627658259011537	0.020198174241664733	0.04232241786022183	False	False	False	False	False	False	False	False	False	False	False	False	False	False	False	False
YBL016W	True	0.1264191787788713	0.09624565705926268	0.0746502003068816	0.15462427610446275	0.08874633425547475	0.10450203580239767	0.13588170831331753	0.18791073883139453	0.15898361471724132	0.04231628460374926	0.11830162285212753	0.10883560797259004	0.13514226513255204	0.18337062006119914	0.21409251566366552	0.22043262723064636	False	False	False	False	False	False	False	False	False	False	False	False	False	False	False	False
YGR098C	True	0.01031592505921567	0.09729426232811222	0.1851130282695826	0.1948858089512752	0.19765394892870128	0.2139744521427569	0.15616122871859836	0.0339035750588233	0.08976331034984278	0.21701727028109752	0.27050047889234263	0.22031147138759236	0.17278931590334032	0.05579141115472674	0.05826509259709393	0.016743199835787034	False	False	False	False	False	False	False	False	False	False	True	False	False	False	False	False
YDR451C	True	0.13092788354372786	0.01149945415286106	0.07577537729698741	0.1620415722893831	0.21288375431349424	0.2068849350425556	0.1316564278393639	0.014170641160466829	0.11016002566929477	0.23527591963286384	0.23536071569947845	0.15998305440254945	0.08815499793862261	0.07633033858561243	0.05390219462244723	0.0172868729529194	False	False	False	False	False	False	False	False	False	False	False	False	False	False	False	False
YBR274W	True	0.004110816005821192	0.005962275473409523	0.003315078485078029	0.014757845899516274	0.0082146111157296	0.03912674822219919	0.0042825639816994185	0.0059526087256248795	0.02134553468749518	0.027210836274583983	0.043019431946558	0.013220997500231223	0.017641120946342348	0.026082104150933788	0.0173896178946353	0.007996690626656736	False	False	False	False	False	False	False	False	False	False	False	False	False	False	False	False
YDL028C	True	0.12658965075776316	0.050273650539592214	0.08884756373689981	0.13233486323595273	0.16588808507126748	0.13325355462324434	0.1194351892856807	0.11713416579662085	0.06991488038269315	0.011222599646263045	0.01787686383851185	0.13748918717866065	0.1412929286892745	0.08385318971427122	0.08512717581045925	0.041812564100651706	False	False	False	False	False	False	False	False	False	False	False	False	False	False	False	False
YBR160W	True	0.14351700150605556	0.1333227857616472	0.15276748883741684	0.08695203610349593	0.030611029078945307	0.027504030984837755	0.06473167997276576	0.14626633695782593	0.17168038868751115	0.1543610556453846	0.054556916748092016	0.03644480515070805	0.029902489795176963	0.008676659138295153	0.010054976562615512	0.012847628555943638	False	False	False	False	False	False	False	False	False	False	False	False	False	False	False	False
YGR109C	True	0.5613722309264484	0.3438062737502208	0.2225545830301031	0.124740543494644	0.1465391799801405	0.2726801970439157	0.4894000608946535	0.7761069200021984	0.8034919746187811	0.7775593008313023	0.01018736905574447	0.1779781111750991	0.2811131485170904	0.2710850494828768	0.2591351871799301	0.2226880160454227	True	True	False	False	False	True	True	True	True	True	False	False	True	True	True	False
YGL116W	True	0.30908473521637	0.3968251200042117	0.6525233898238147	0.5169949206078545	0.209641279512666	0.11703637797697745	0.3185848232568524	0.5027112550077659	0.5335964893017338	0.5213883418189356	0.3001433634444901	0.22636498306921354	0.1302413380264783	0.07236410151106694	0.05381596226405926	0.14168403256396836	True	True	True	True	False	False	True	True	True	True	True	False	False	False	False	False
YPL194W	True	0.11041741906949704	0.060134997620713865	0.09294834287061106	0.0518986012597985	0.06584420054533799	0.05019857397937856	0.09430529163422477	0.03458684636899838	0.03646460888852125	0.04730845962474852	0.07445243131429885	0.01189842653428176	0.010243913732636964	0.015928342263951296	0.012436844004058121	0.07636740581244833	False	False	False	False	False	False	False	False	False	False	False	False	False	False	False	False
YPL153C	True	0.36987523358272495	0.2527094055216297	0.24701202121860824	0.09685964660514497	0.046072116307839264	0.2112947395748677	0.3940037051830175	0.5326076034093452	0.4965462528887335	0.3603955774502744	0.07186221350887	0.11592314059581135	0.13485535192287776	0.1679356525483965	0.12883598433889615	0.11404506540228893	True	True	False	False	False	False	True	True	True	True	False	False	False	False	False	False
YLR079W	True	0.15570467428495915	0.20442545588391808	0.2846143208577779	0.4147750981476927	0.37936170035164735	0.4039889432335884	0.4206158134255256	0.3391375410760249	0.021362562596050436	0.4856294021890738	0.4185464261662149	0.4512210120368338	0.4001809093020751	0.2913452917926331	0.24974167584392146	0.2106446010142104	False	False	True	True	True	True	True	True	False	True	True	True	True	True	False	False
YPR120C	True	0.3177466048526228	0.2183575166980219	0.14008049170255624	0.0643551802082479	0.08662168486674479	0.17398759001575498	0.3094806269813834	0.4065647147421293	0.4075587086741718	0.3183569986338726	0.016842614855736047	0.08503776379652543	0.13803958642247946	0.13180228484237466	0.11536695917499246	0.10130223786939123	True	False	False	False	False	False	True	True	True	True	False	False	False	False	False	False
YHR166C	True	0.006169938774402122	0.02310975965869215	0.018286370488362156	0.019767419018700425	0.04494057353520087	0.04983706085209404	0.038337520680469764	0.006060890270298197	0.05083531503525651	0.04948556211123696	0.023701142052991224	0.036242161468801166	0.027803729205551662	0.03150935585019782	0.014368724434686038	0.028258965922228336	False	False	False	False	False	False	False	False	False	False	False	False	False	False	False	False
YLR272C	True	0.0665418621299228	0.1245297693406713	0.15853554515458865	0.16686630972157626	0.135275274568646	0.13490604427512795	0.05932264719474493	0.05323812142033147	0.06677821649087233	0.20765836236647411	0.15662403330328095	0.13840267260203626	0.13553682806044565	0.06835511339184193	0.03589767738507421	0.04776827422725805	False	False	False	False	False	False	False	False	False	False	False	False	False	False	False	False
YBL023C	True	0.12676939532572196	0.03647701339573446	0.2347469440651239	0.3401649335415712	0.377441465259986	0.4012913775602987	0.16566378210451466	0.04729800688147598	0.20161761762499575	0.26413442871734805	0.1792412590419004	0.2332606701264121	0.22451206175442365	0.1428584285271718	0.08804488819350582	0.02934975303874556	False	False	False	True	True	True	False	False	False	True	False	False	False	False	False	False
YAR071W	True	0.1827761588529795	0.11482069138987523	0.11073984709189548	0.11859393844315387	0.06169000897575769	0.06182706140907554	0.05829036454495923	0.09512860356569243	0.09915019251652564	0.15437561937431765	0.06602941506336236	0.09398690375543342	0.07464350611847557	0.1113038620115148	0.0694259210823034	0.036655798652189736	False	False	False	False	False	False	False	False	False	False	False	False	False	False	False	False
YJL157C	True	0.22882921768456335	0.2067506477375755	0.2857222308470019	0.12204834817953344	0.0293196156850825	0.024941706201182988	0.05680362771710783	0.033694064886582574	0.08496309670219705	0.2549964451343634	0.24007283718657896	0.2024076113473015	0.14157432773361514	0.08664487555662792	0.038867202878992334	0.04752636547216908	False	False	True	False	False	False	False	False	False	True	False	False	False	False	False	False
YDL017W	True	0.1077113152979162	0.07396694665202866	0.05061332874256631	0.08505631806854852	0.027057180825483286	0.011120736346787341	0.09171572087959867	0.1844120442751172	0.1599133044717979	0.07527396609743503	0.06424822014778975	0.00748779148286077	0.009038089724636213	0.01136510867213944	0.039279176847960715	0.029073979644690717	False	False	False	False	False	False	False	False	False	False	False	False	False	False	False	False
YLR127C	True	0.030068170656454164	0.0013108316082528265	0.01257558646056671	0.030009000426517482	0.041860776900810144	0.007112616715485362	0.022960914105131784	0.008843332367348463	0.043928431465206065	0.02021558632543791	0.0280499611518792	0.030712913936961562	0.046331762575499084	0.013971682258158627	0.04489960348024382	0.03222574799312486	False	False	False	False	False	False	False	False	False	False	False	False	False	False	False	False
YJR090C	True	0.08740866245111119	0.08052035900583193	0.093209910170152	0.04198659358456455	0.031305945325869826	0.002321029255065317	0.029134607863742876	0.001986112590749259	0.023057301954315323	0.03080390657154218	0.12485134870331095	0.011648997751760738	0.042645993036836964	0.05250921300007808	0.036040940601271367	0.010643338148962577	False	False	False	False	False	False	False	False	False	False	False	False	False	False	False	False
YPR019W	True	0.05430429758758525	0.08173601212071675	0.2598257606292533	0.3280790683075022	0.3387162098986317	0.2217294989792727	0.04035974195715196	0.10431241867942423	0.16791763796177991	0.23069256669977525	0.18794989313633748	0.1821357803571903	0.1536648768231678	0.1360148810352658	0.07277136460128611	0.012342078480364069	False	False	True	True	True	False	False	False	False	False	False	False	False	False	False	False
YLR176C	True	0.06784879722201388	0.08272904363567543	0.09445430044707748	0.11573736855407465	0.056816965481352816	0.012801727401123456	0.008765704784873957	0.013226363726990636	0.03202621959501778	0.06474849348802916	0.16679186254000655	0.08805146612046802	0.042879296191621716	0.014646140063066469	0.027617307547619985	0.02782869544601949	False	False	False	False	False	False	False	False	False	False	False	False	False	False	False	False
YDL179W	True	0.2811720355924992	0.2960806862050627	0.5067041438439825	0.4917726771603776	0.5825230007003079	0.578203496762683	0.6106063028347906	0.7613845899392628	0.08908365677381325	0.7298214715472378	0.6899280706823564	0.6616697517335289	0.5986140787393803	0.44570028038046505	0.3849571253900933	0.3595876972116395	True	True	True	True	True	True	True	True	False	True	True	True	True	True	True	True
YNL289W	True	0.4228155410343459	0.2865615874671095	0.3184837600066196	0.196159173874482	0.07103046045483574	0.10279630886296733	0.24577035872499484	0.5156973372447151	0.6183506921520081	0.6892186317982804	0.2463560258107312	0.08590905425906002	0.054680492330622464	0.1786250668232428	0.21125499841248602	0.19392778820782436	True	True	True	False	False	False	False	True	True	True	False	False	False	False	False	False
YJL030W	True	0.061996725981510764	0.036970308246914114	0.05142752688237286	0.03580113624676917	0.017519760999116375	0.03804184118781353	0.006020867793332126	0.01073653060340329	0.01745431961471059	0.05391686952309675	0.03931141394971343	0.035203423968702977	0.029781526163849624	0.03593877100159445	0.03130248476135433	0.00784804143149092	False	False	False	False	False	False	False	False	False	False	False	False	False	False	False	False
YPL256C	True	0.4122293793185829	0.2950004644933044	0.2889287973549053	0.19499878377768498	0.04581335298838279	0.11779493131432987	0.35332107022507714	0.6669423530825391	0.7092645232023881	0.6739432567548045	0.22774622827585955	0.01154099127164262	0.14772288344305412	0.2218412775979648	0.227734728676236	0.2615936020155753	True	True	True	False	False	False	True	True	True	True	False	False	False	False	False	True
YBL084C	True	0.043163811545625735	0.019678753029797703	0.01999765696094306	0.031552564587898166	0.05156549369228503	0.06096614539214749	0.01845225669930567	0.04395493990624857	0.012351944631947984	0.02989252456952394	0.03652827962612662	0.020235920032621604	0.0618221623751424	0.024463002581862882	0.025457359384794463	0.05875070023161751	False	False	False	False	False	False	False	False	False	False	False	False	False	False	False	False
YGL201C	True	0.08575444897962918	0.04707578141926549	0.2021421699815604	0.2363772947880531	0.20991688036030534	0.1297207621822309	0.04092314839408226	0.02631745995690596	0.09308428823241544	0.1297963224124815	0.1289316276285446	0.1739013427012462	0.14039759951633518	0.08335284727601608	0.013951788806231605	0.017133471737780643	False	False	False	False	False	False	False	False	False	False	False	False	False	False	False	False
YDR110W	True	0.07251237067240636	0.05538787958199575	0.03379960466482715	0.001809890846210722	0.037145046681691184	0.04931073888013756	0.054754798815833464	0.00952117910931354	0.03816387679048303	0.031811412286637315	0.01560894680969849	0.0066071282875230725	0.011648462004835769	0.01585620247363274	0.009926526715197745	0.010311443092511668	False	False	False	False	False	False	False	False	False	False	False	False	False	False	False	False
YDL106C	True	0.00717785942567851	0.005452962849066875	0.015920675582282686	0.014330730604882672	0.03933293667414595	0.04961308557672135	0.05124631430617948	0.038671834842490926	0.05601464841062063	0.022050031697343132	0.02467479292126599	0.0032403405368454648	0.03505795122972385	0.017554147014101715	0.02395315297217911	0.021745862445177868	False	False	False	False	False	False	False	False	False	False	False	False	False	False	False	False
YBR135W	True	0.02111836647043362	0.024449473075258882	0.06782153994447841	0.026241910025304908	0.009612955425533051	0.030257186598103662	0.050148452270554665	0.045976951372842925	0.039736465877641736	0.07218488227773655	0.04297590129122409	0.04596127483205669	0.006401219306334765	0.02409526601107722	0.017614695850545627	0.0015974659347789096	False	False	False	False	False	False	False	False	False	False	False	False	False	False	False	False
YIL026C	True	0.3466753155283149	0.2485733214253789	0.212550742713095	0.0659800335270138	0.040000876862826704	0.15663131429919014	0.295899695641628	0.4721358274841022	0.3956327574446981	0.2406144211026239	0.10801153801420056	0.054250696712253216	0.08838520711919243	0.1210929395871612	0.08048906915883522	0.08889992320023654	True	False	False	False	False	False	True	True	True	False	False	False	False	False	False	False
YJL194W	True	0.024343991144831826	0.1154668567611656	0.14287651848605576	0.1113339548055652	0.0384044607948731	0.03156956395650748	0.11414852683236225	0.22280409002905024	0.020213618354775986	0.19410242616252715	0.1904067411053648	0.20936323758600095	0.15959053400359827	0.034899158467515214	0.023940701720364232	0.012435847382280669	False	False	False	False	False	False	False	False	False	False	False	False	False	False	False	False
YGL240W	True	0.058141367718470165	0.02621074377692778	0.008438755309646759	0.09550926471323937	0.0456246518418855	0.0728761533798405	0.038914437796590234	0.03646322634495791	0.014904441855507612	0.08141340634600698	0.050363735283597874	0.08939023330567868	0.04777714416380127	0.009282666676303385	0.03665819228042043	0.041526767614580185	False	False	False	False	False	False	False	False	False	False	False	False	False	False	False	False
YJL076W	True	0.03811379475089522	0.029717073019776087	0.015415604115076434	0.0036057162527694327	0.06690151586842114	0.10993548649325027	0.09774659279558058	0.05523896377861948	0.06583420706799717	0.012718983090973605	0.04323358504308703	0.01491882865213887	0.04333828857492155	0.04520213281644255	0.05012111153392618	0.060136302066131166	False	False	False	False	False	False	False	False	False	False	False	False	False	False	False	False
YNL261W	True	0.026894479951778055	0.02682179933951719	0.052031416021431486	0.035309269687447374	0.03187842693053189	0.07495911763067832	0.06460643608189531	0.0025188082373365345	0.035876438221213953	0.0207183563708584	0.005578131898556499	0.04651944667932634	0.07793374660134636	0.043607161501123315	0.06692202089039037	0.0650414884801439	False	False	False	False	False	False	False	False	False	False	False	False	False	False	False	False
YFR036W	True	0.11265242008327778	0.08426464745999174	0.11619936170645682	0.18221504057570356	0.04783486685569955	0.02017498840352128	0.04333054212762186	0.16833825226056096	0.15315987072103487	0.045410138557151286	0.10012251517726968	0.02561244318942464	0.040912630708854265	0.05950416918229105	0.003476380252906116	0.06638904114576416	False	False	False	False	False	False	False	False	False	False	False	False	False	False	False	False
YDL132W	True	0.0751327494461301	0.08457063804228772	0.10257177658793028	0.07522657516406142	0.004287229990145686	0.03327950852131671	0.02011033562058287	0.05027045802519397	0.08751517756712715	0.0208461574927454	0.037835474469157984	0.030996334741153788	0.018391725756176987	0.04695160909021224	0.022088627619970463	0.024327430523887767	False	False	False	False	False	False	False	False	False	False	False	False	False	False	False	False
YCL061C	True	0.2975065887462061	0.21834160009755535	0.17769456794330998	0.05058452237928753	0.05664421128509736	0.1868547157660021	0.3263716381632241	0.4943404294318352	0.3970906978337533	0.2200712349141992	0.04338371638011769	0.10611801285946908	0.1454940731679341	0.1142586153332294	0.12448141441491925	0.09019067461037326	True	False	False	False	False	False	True	True	True	False	False	False	False	False	False	False
YFR031C	True	0.07904560187597512	0.05277914326837011	0.050208921153806665	0.1015116875436716	0.10542996945872367	0.07571629772943693	0.030719510848916262	0.01658697625741144	0.047727809168567434	0.11269340249611301	0.11961181950482	0.02235326971914095	0.02761675206109648	0.039621296394045526	0.08971801555071658	0.05007955344240144	False	False	False	False	False	False	False	False	False	False	False	False	False	False	False	False
YGL003C	True	0.053485153958152995	0.0587433452419602	0.05322051853973592	0.02406169815410525	0.01510932584550492	0.043994792581462994	0.08866255037742808	0.038161494721126066	0.02725081616142231	0.0529353571929358	0.007785799468317142	0.011835835014322126	0.008379899110320083	0.04754835564410358	0.015002207910832819	0.004102612147943628	False	False	False	False	False	False	False	False	False	False	False	False	False	False	False	False
YDL003W	True	0.4793473767849528	0.3505185894001132	0.3164845407330624	0.11654216154033074	0.03829377994070185	0.19404626297777972	0.3404154675494557	0.5924631988469156	0.7022459234904146	0.6375358304701543	0.19989283423669954	0.10570448279690783	0.17948222351653215	0.16757382691160336	0.17270551958886546	0.1736756306443813	True	True	True	False	False	False	True	True	True	True	False	False	False	False	False	False
YJR046W	True	0.0047785813565954455	0.01730035269151579	0.02946876028479816	0.026255535766421426	0.04451082768317825	0.0024246273571148264	0.002318403111710134	0.05748081897375755	0.03330562420773053	0.03414195469560538	0.020637618981479252	0.010349804331388029	0.018117120488247648	0.01099170439208772	0.007142053877796877	0.015786137775008615	False	False	False	False	False	False	False	False	False	False	False	False	False	False	False	False
YHR118C	True	0.07638879184540155	0.03693543871890668	0.028919123247774906	0.01185915165794623	0.0249726487958817	0.046826409042187433	0.017489011958119426	0.04345207044221081	0.007226621055679516	0.006931609154626271	0.0380756992283991	0.023893983480768682	0.027281542506140653	0.0065163170091061115	0.006728192193677625	0.038491045006018666	False	False	False	False	False	False	False	False	False	False	False	False	False	False	False	False
YMR036C	True	0.03729377873714578	0.009153907158389856	0.03675542621966905	0.08801009389350786	0.08526455040516295	0.09046729814548772	0.05950430655593145	0.05169255717625755	0.011945966779179258	0.008286181586252644	0.08947724980668523	0.08597473595980941	0.002842276546390881	0.07285163239626595	0.04394866029548362	0.02041147969516803	False	False	False	False	False	False	False	False	False	False	False	False	False	False	False	False
YIL046W	True	0.02553897919749861	0.013683652222139736	0.10995257481434767	0.08038005840069902	0.07002616183412468	0.07164186404717908	0.03681602983424546	0.01979707780100653	0.060814013758799024	0.029027087100431226	0.02476566776174124	0.028535635332754036	0.03989258202255876	0.021723346532650758	0.05404679534171277	0.06927795466451518	False	False	False	False	False	False	False	False	False	False	False	False	False	False	False	False
YDR499W	True	0.08978758651009633	0.06546934323347671	0.06856917703416003	0.06415926307241501	0.0010319709702731634	0.02242561170703164	0.045224554349640136	0.12281061024236102	0.024764161125090216	0.1969482534430576	0.05380440766046962	0.04328215661469994	0.01149556659902419	0.05539086930833613	0.02971984957810465	0.013394926313292064	False	False	False	False	False	False	False	False	False	False	False	False	False	False	False	False
YDL056W	True	0.04275242690404064	0.025966844752901	0.05593417630550862	0.04204252976103657	0.11520946607043288	0.09025687715859036	0.10207577148928706	0.08631246071227479	0.05036038713105291	0.029301583993374843	0.02109908825351615	0.05324715620789758	0.08069901443359516	0.0942031285897205	0.06791279672812532	0.049869283322792314	False	False	False	False	False	False	False	False	False	False	False	False	False	False	False	False
YGR092W	True	0.1915591342138328	0.3029783114643373	0.3912852719964609	0.44893118959614975	0.3707477979031317	0.15954298311791842	0.10125222989172096	0.3340964426464055	0.39981289500342027	0.4381279161739933	0.28398810484028864	0.2643421273384938	0.18336526630890546	0.08727302225513182	0.06214807486531915	0.012876278170959364	False	True	True	True	True	False	False	True	True	True	True	True	False	False	False	False
YDL134C	True	0.02894621529321105	0.04222563906287265	0.058735246136891385	0.009159716061012398	0.0045625262066812	0.00885884892199593	0.03625379572136194	0.02683007480399541	0.0372503905031816	0.04099311015108815	0.032649858566581785	0.002944643523640464	0.001403476639979679	0.010254123438218452	0.005990163169673482	0.010464406112912241	False	False	False	False	False	False	False	False	False	False	False	False	False	False	False	False
YLR102C	True	0.05738059033858405	0.0570722219400278	0.08189740612317145	0.02398920144872437	0.031220005330921306	0.0227337714612362	0.05768999503773905	0.11700047064598912	0.023199499706027776	0.03780773677602586	0.1111964469770107	0.033299493156389394	0.05366309118764297	0.005980076926817506	0.012604592354809315	0.014385164619067971	False	False	False	False	False	False	False	False	False	False	False	False	False	False	False	False
YOL001W	True	0.0090675333236363	0.03349537928523563	0.04254372145476018	0.019886648037505558	0.009438062902155991	0.007915685769474497	0.020823513677369947	0.010840377948537934	0.06985113554776863	0.06246235665146145	0.0021734951389620143	0.009712493383882505	0.03096133365212532	0.009276958884558937	0.02184646749107628	0.0012302615839458898	False	False	False	False	False	False	False	False	False	False	False	False	False	False	False	False
YGR108W	True	0.6148963101737225	0.4784677412649862	0.26954195742507725	0.10047578229416114	0.3021942410608092	0.4339932350898786	0.4437947650002405	0.4894752621667921	0.4648968338162236	0.2891714768390405	0.11441791370805528	0.04171159657394556	0.07607366504630172	0.15363194608531602	0.2245721925478538	0.2483992779537391	True	True	True	False	True	True	True	True	True	True	False	False	False	False	False	False
YDL188C	True	0.06402242221733846	0.07283039677928464	0.08289057230852091	0.022604356483224515	0.005940281671178257	0.006956963031678379	0.016146065618186392	0.032823701902397764	0.01988097340594288	0.027523193539336785	0.04051325298024715	0.05203960068208692	0.07963033744049645	0.05460099558618939	0.05660819405371195	0.0552019178362448	False	False	False	False	False	False	False	False	False	False	False	False	False	False	False	False
YML064C	True	0.1347034660013018	0.0733677651809656	0.024360200417208933	0.047133159342029135	0.06462571436520362	0.07906510559613572	0.09230393578207258	0.15079928856799735	0.14447884139143555	0.166073013796483	0.089963667417138	0.02449573398266581	0.08173597384223825	0.038622994642435834	0.04979297138563979	0.1482001591719847	False	False	False	False	False	False	False	False	False	False	False	False	False	False	False	False
YPR119W	True	0.5486044954035108	0.3995771026049387	0.20297035432313085	0.04057623025123678	0.20790403422656456	0.3050861475696325	0.3556781410325361	0.4885253139368618	0.4711990405015261	0.3404922813632012	0.11592810470598965	0.03630662996961415	0.09481129722159498	0.15298695777294555	0.2090329935363851	0.18324792724280986	True	True	False	False	False	True	True	True	True	True	False	False	False	False	False	False
YDL155W	True	0.0361499453030561	0.0481442845696388	0.12745661986667034	0.10316783614743742	0.06516733351299445	0.082040452453094	0.05875181378318808	0.0013835484555520835	0.05408038132276929	0.0953879702412942	0.05281597432223455	0.053936051743165535	0.07600794184379883	0.0670521928159897	0.015954275705074576	0.037813962983643715	False	False	False	False	False	False	False	False	False	False	False	False	False	False	False	False
YOL133W	True	0.0821584457972737	0.07455474404164178	0.1304504724473581	0.08453833378599768	0.03306123274604242	0.058870905985952925	0.01149801202509072	0.01241424309507167	0.009581947610126507	0.050162015888814714	0.17849915517772225	0.05855630894953144	0.0625188495069654	0.08023380415163646	0.04409744065151066	0.015358256588453325	False	False	False	False	False	False	False	False	False	False	False	False	False	False	False	False
YGL190C	True	0.08680735112707871	0.06486102132297303	0.03693136662620252	0.0027647466437514595	0.01330356060288058	0.041931498058464266	0.04145264437453302	0.047370535707153834	0.07534138088591187	0.03442886272580326	0.015599195361706075	0.0126256633568207	0.00318168743434708	0.03169811163611338	0.016837185380584554	0.006941274280616245	False	False	False	False	False	False	False	False	False	False	False	False	False	False	False	False
YJL187C	True	0.21436071525711453	0.19700404833892374	0.18309451661339102	0.11293311052170595	0.03065132224037658	0.06716865210349998	0.15263289497925184	0.28109386973412986	0.3068293239969184	0.3231512429150165	0.1456339244444958	0.03090668814205469	0.057202586895534216	0.049926663496633716	0.08337131758461283	0.08343826863771135	False	False	False	False	False	False	False	True	True	True	False	False	False	False	False	False
YAR019C	True	0.04302956796553227	0.013149277220772537	0.010618604827615372	0.0344352404166655	0.030799029711609076	0.029113487050294564	0.031624662400438014	0.043969411547329515	0.1078257079828665	0.024282636229943384	0.018234533795302096	0.006733294719423032	0.008740271185152863	0.032048205235371816	0.022197317250732148	0.004729931755787789	False	False	False	False	False	False	False	False	False	False	False	False	False	False	False	False
YDR146C	True	0.894023146243777	0.5356865225086389	0.381188386659222	0.043983338762401736	0.2279226964706903	0.423438720287984	0.4741202174625739	0.6014881031688862	0.5099960908706654	0.4410755738057337	0.21299452383939765	0.11833343450314987	0.012456668204593931	0.03468782859190109	0.20120911361753646	0.2217663483345412	True	True	True	False	False	True	True	True	True	True	False	False	False	False	False	False
YAL040C	True	0.12007065056600642	0.18566507735404011	0.22279320347868936	0.11138260236287027	0.036628451537642416	0.020120661236768426	0.05888467841138656	0.13535197265657187	0.2301209710583841	0.2698601774935941	0.12981488906969282	0.0678141304836318	0.04900769572145747	0.0057718443454713815	0.029801642940153094	0.06496123441490495	False	False	False	False	False	False	False	False	False	True	False	False	False	False	False	False
YER147C	True	0.06250924266000234	0.05233845965740083	0.0474631059542413	0.0025316739638711647	0.01578293805247947	0.028692649339552588	0.037241498894525334	0.0587631434027709	0.016237806366273002	0.02440514033465808	0.001931914860728971	0.012287957712957657	0.035871192287043684	0.007082848927405334	0.026944372473553156	0.020322817142513033	False	False	False	False	False	False	False	False	False	False	False	False	False	False	False	False
YNL172W	True	0.12445081625296545	0.14962082162123172	0.12662433999491446	0.011926144442491021	0.10386990997041758	0.1454253671609798	0.14105131664066164	0.1927942929378237	0.14342229528426662	0.1140910038320472	0.02214385936456615	0.0018736537122346316	0.07995016622177678	0.06720934435187388	0.05842316993144325	0.07533055277583094	False	False	False	False	False	False	False	False	False	False	False	False	False	False	False	False
YOR249C	True	0.016504899461187227	0.01241202533989947	0.023475402344333256	0.006759165290219689	0.03916043124539339	0.040274344530111625	0.05384688867832545	0.06290261588899816	0.0026154069204289533	0.020938478821811126	0.07228636367377762	0.007080629148929427	0.012400308584456524	0.06747410311408365	0.022914627692960137	0.021630258270630268	False	False	False	False	False	False	False	False	False	False	False	False	False	False	False	False
YMR043W	True	0.13189758819360525	0.09687951946728368	0.08125261445612514	0.0602546967578497	0.012852963572795351	0.0402743499197493	0.04706840301941434	0.02177353916522631	0.03088909471129105	0.059227339853055824	0.10694625669351696	0.07150186819241187	0.03613529243602594	0.041100912171869744	0.013326537008120792	0.013963336725815154	False	False	False	False	False	False	False	False	False	False	False	False	False	False	False	False
YKL022C	True	0.03973384190639063	0.031992740666747316	0.028613950642921524	0.004861687874668285	0.030900298236411574	0.06889597175756641	0.07690004903022507	0.029890799380273145	0.026710314379503927	0.012827902240937994	0.023694450653961918	0.014819910587607604	0.04361578959050241	0.009699651189961715	0.010488370002137856	0.02262090121292159	False	False	False	False	False	False	False	False	False	False	False	False	False	False	False	False
YBR112C	True	0.03287195477065634	0.06936121764084083	0.11807988371346627	0.1098347217229522	0.12660127823122308	0.10528583261842918	0.04704755347251178	0.04008616528530255	0.10192085549668173	0.1046081286317703	0.09685582396308104	0.08769811337468644	0.10097118412345417	0.03990916421447547	0.023608818997144284	0.051159522004072006	False	False	False	False	False	False	False	False	False	False	False	False	False	False	False	False
YDR217C	True	0.04797094141440462	0.04737480304206977	0.013513851131537049	0.03407220428546921	0.044125832284996704	0.050879739030156884	0.060991723772153374	0.05415721831379501	0.003211228975047004	0.04344774913246719	0.03552921309946137	0.02277843714855657	0.014574085463156982	0.021192560819903603	0.00503916809012894	0.006977489494182721	False	False	False	False	False	False	False	False	False	False	False	False	False	False	False	False
YER173W	True	0.03638588704911675	0.04661522640827872	0.014156761326705796	0.02241016741499501	0.002753736048545237	0.03361254936114267	0.00783573005846912	0.026511288311619637	0.010244300426945466	0.02621838211959741	0.044203674494538714	0.039356100757966736	0.054374799607126566	0.03196826956418112	0.02275413315864939	0.04187870898303119	False	False	False	False	False	False	False	False	False	False	False	False	False	False	False	False
YLR288C	True	0.04385337131596123	0.02776677730633577	0.11579659044475253	0.1079758085888957	0.13844601377751906	0.11629679082047885	0.1008012523035243	0.012191934797776251	0.04286593624172615	0.07863787250003287	0.057528127295176174	0.12479058001652793	0.11073633555385963	0.07483014415742686	0.03864558284844565	0.0231959901494844	False	False	False	False	False	False	False	False	False	False	False	False	False	False	False	False
YJL013C	True	0.07565700174258344	0.022509848184138263	0.08757805782960335	0.11763991435505484	0.16392941718098175	0.14635748477484195	0.11190976100970364	0.10808205702757112	0.08857459575609475	0.041801023942949336	0.1981110193176987	0.07506125818544047	0.12366889246801414	0.1056567804675865	0.11180064038797503	0.017203886680130183	False	False	False	False	False	False	False	False	False	False	False	False	False	False	False	False
